Watching for file changes with StatReloader
[04/May/2026 10:39:04] "POST /api/auth/register/ HTTP/1.1" 201 78
[04/May/2026 10:39:05] "POST /api/auth/login/ HTTP/1.1" 200 581
[04/May/2026 10:39:05] "POST /api/orgs/organizations/ HTTP/1.1" 201 131
[04/May/2026 10:39:05] "POST /api/orgs/workspaces/ HTTP/1.1" 201 163
[04/May/2026 10:40:00] "POST /api/auth/register/ HTTP/1.1" 201 78
[04/May/2026 10:40:02] "POST /api/auth/login/ HTTP/1.1" 200 581
[04/May/2026 10:40:02] "POST /api/orgs/organizations/ HTTP/1.1" 201 131
[04/May/2026 10:40:02] "POST /api/orgs/workspaces/ HTTP/1.1" 201 163
Internal Server Error: /api/projects/
Traceback (most recent call last):
  File "/home/snofy/project_matier/PM-A-backend/.venv/lib/python3.12/site-packages/django/db/backends/utils.py", line 105, in _execute
    return self.cursor.execute(sql, params)
           ^^^^^^^^^^^^^^^^^^^^^^^^^^^^^^^^
  File "/home/snofy/project_matier/PM-A-backend/.venv/lib/python3.12/site-packages/django/db/backends/sqlite3/base.py", line 359, in execute
    return super().execute(query, params)
           ^^^^^^^^^^^^^^^^^^^^^^^^^^^^^^
sqlite3.OperationalError: no such table: orgs_workspacemember

The above exception was the direct cause of the following exception:

Traceback (most recent call last):
  File "/home/snofy/project_matier/PM-A-backend/.venv/lib/python3.12/site-packages/django/core/handlers/exception.py", line 55, in inner
    response = get_response(request)
               ^^^^^^^^^^^^^^^^^^^^^
  File "/home/snofy/project_matier/PM-A-backend/.venv/lib/python3.12/site-packages/django/core/handlers/base.py", line 198, in _get_response
    response = wrapped_callback(request, *callback_args, **callback_kwargs)
               ^^^^^^^^^^^^^^^^^^^^^^^^^^^^^^^^^^^^^^^^^^^^^^^^^^^^^^^^^^^^
  File "/home/snofy/project_matier/PM-A-backend/.venv/lib/python3.12/site-packages/django/views/decorators/csrf.py", line 65, in _view_wrapper
    return view_func(request, *args, **kwargs)
           ^^^^^^^^^^^^^^^^^^^^^^^^^^^^^^^^^^^
  File "/home/snofy/project_matier/PM-A-backend/.venv/lib/python3.12/site-packages/django/views/generic/base.py", line 106, in view
    return self.dispatch(request, *args, **kwargs)
           ^^^^^^^^^^^^^^^^^^^^^^^^^^^^^^^^^^^^^^^
  File "/home/snofy/project_matier/PM-A-backend/.venv/lib/python3.12/site-packages/rest_framework/views.py", line 515, in dispatch
    response = self.handle_exception(exc)
               ^^^^^^^^^^^^^^^^^^^^^^^^^^
  File "/home/snofy/project_matier/PM-A-backend/.venv/lib/python3.12/site-packages/rest_framework/views.py", line 475, in handle_exception
    self.raise_uncaught_exception(exc)
  File "/home/snofy/project_matier/PM-A-backend/.venv/lib/python3.12/site-packages/rest_framework/views.py", line 486, in raise_uncaught_exception
    raise exc
  File "/home/snofy/project_matier/PM-A-backend/.venv/lib/python3.12/site-packages/rest_framework/views.py", line 512, in dispatch
    response = handler(request, *args, **kwargs)
               ^^^^^^^^^^^^^^^^^^^^^^^^^^^^^^^^^
  File "/home/snofy/project_matier/PM-A-backend/project/views.py", line 278, in post
    WorkspaceMember.objects.get_or_create(
  File "/home/snofy/project_matier/PM-A-backend/.venv/lib/python3.12/site-packages/django/db/models/manager.py", line 87, in manager_method
    return getattr(self.get_queryset(), name)(*args, **kwargs)
           ^^^^^^^^^^^^^^^^^^^^^^^^^^^^^^^^^^^^^^^^^^^^^^^^^^^
  File "/home/snofy/project_matier/PM-A-backend/.venv/lib/python3.12/site-packages/django/db/models/query.py", line 987, in get_or_create
    return self.get(**kwargs), False
           ^^^^^^^^^^^^^^^^^^
  File "/home/snofy/project_matier/PM-A-backend/.venv/lib/python3.12/site-packages/django/db/models/query.py", line 635, in get
    num = len(clone)
          ^^^^^^^^^^
  File "/home/snofy/project_matier/PM-A-backend/.venv/lib/python3.12/site-packages/django/db/models/query.py", line 372, in __len__
    self._fetch_all()
  File "/home/snofy/project_matier/PM-A-backend/.venv/lib/python3.12/site-packages/django/db/models/query.py", line 2000, in _fetch_all
    self._result_cache = list(self._iterable_class(self))
                         ^^^^^^^^^^^^^^^^^^^^^^^^^^^^^^^^
  File "/home/snofy/project_matier/PM-A-backend/.venv/lib/python3.12/site-packages/django/db/models/query.py", line 95, in __iter__
    results = compiler.execute_sql(
              ^^^^^^^^^^^^^^^^^^^^^
  File "/home/snofy/project_matier/PM-A-backend/.venv/lib/python3.12/site-packages/django/db/models/sql/compiler.py", line 1624, in execute_sql
    cursor.execute(sql, params)
  File "/home/snofy/project_matier/PM-A-backend/.venv/lib/python3.12/site-packages/django/db/backends/utils.py", line 122, in execute
    return super().execute(sql, params)
           ^^^^^^^^^^^^^^^^^^^^^^^^^^^^
  File "/home/snofy/project_matier/PM-A-backend/.venv/lib/python3.12/site-packages/django/db/backends/utils.py", line 79, in execute
    return self._execute_with_wrappers(
           ^^^^^^^^^^^^^^^^^^^^^^^^^^^^
  File "/home/snofy/project_matier/PM-A-backend/.venv/lib/python3.12/site-packages/django/db/backends/utils.py", line 92, in _execute_with_wrappers
    return executor(sql, params, many, context)
           ^^^^^^^^^^^^^^^^^^^^^^^^^^^^^^^^^^^^
  File "/home/snofy/project_matier/PM-A-backend/.venv/lib/python3.12/site-packages/django/db/backends/utils.py", line 100, in _execute
    with self.db.wrap_database_errors:
  File "/home/snofy/project_matier/PM-A-backend/.venv/lib/python3.12/site-packages/django/db/utils.py", line 94, in __exit__
    raise dj_exc_value.with_traceback(traceback) from exc_value
  File "/home/snofy/project_matier/PM-A-backend/.venv/lib/python3.12/site-packages/django/db/backends/utils.py", line 105, in _execute
    return self.cursor.execute(sql, params)
           ^^^^^^^^^^^^^^^^^^^^^^^^^^^^^^^^
  File "/home/snofy/project_matier/PM-A-backend/.venv/lib/python3.12/site-packages/django/db/backends/sqlite3/base.py", line 359, in execute
    return super().execute(query, params)
           ^^^^^^^^^^^^^^^^^^^^^^^^^^^^^^
django.db.utils.OperationalError: no such table: orgs_workspacemember
[04/May/2026 10:40:02] "POST /api/projects/ HTTP/1.1" 500 186663
[04/May/2026 10:40:42] "POST /api/auth/register/ HTTP/1.1" 201 78
[04/May/2026 10:40:43] "POST /api/auth/login/ HTTP/1.1" 200 581
[04/May/2026 10:40:43] "POST /api/orgs/organizations/ HTTP/1.1" 201 131
[04/May/2026 10:40:43] "POST /api/orgs/workspaces/ HTTP/1.1" 201 163
[04/May/2026 10:40:43] "POST /api/projects/ HTTP/1.1" 201 567
[04/May/2026 10:40:43] "GET /api/projects/ HTTP/1.1" 200 569
[04/May/2026 10:40:43] "GET /api/projects/4bbf7a40-dbc4-4054-a790-36eef4dd93ac/ HTTP/1.1" 200 567
[04/May/2026 10:40:43] "PATCH /api/projects/4bbf7a40-dbc4-4054-a790-36eef4dd93ac/ HTTP/1.1" 200 565
[04/May/2026 10:40:43] "GET /api/projects/4bbf7a40-dbc4-4054-a790-36eef4dd93ac/members/ HTTP/1.1" 200 248
[04/May/2026 10:40:43] "GET /api/projects/4bbf7a40-dbc4-4054-a790-36eef4dd93ac/roles/ HTTP/1.1" 200 184
[04/May/2026 10:40:43] "GET /api/projects/4bbf7a40-dbc4-4054-a790-36eef4dd93ac/board/ HTTP/1.1" 200 1071
[04/May/2026 10:40:43] "POST /api/projects/4bbf7a40-dbc4-4054-a790-36eef4dd93ac/board/columns/ HTTP/1.1" 201 124
[04/May/2026 10:40:43] "PATCH /api/projects/4bbf7a40-dbc4-4054-a790-36eef4dd93ac/board/columns/838a5f28-151b-49a7-a879-affaf85d3f11/ HTTP/1.1" 200 139
[04/May/2026 10:40:43] "GET /api/projects/4bbf7a40-dbc4-4054-a790-36eef4dd93ac/board/stats/ HTTP/1.1" 200 480
[04/May/2026 10:40:43] "GET /api/projects/4bbf7a40-dbc4-4054-a790-36eef4dd93ac/board/task-summary/ HTTP/1.1" 200 2
[04/May/2026 10:40:43] "PATCH /api/projects/4bbf7a40-dbc4-4054-a790-36eef4dd93ac/board/config/ HTTP/1.1" 200 43
[04/May/2026 10:40:43] "POST /api/projects/4bbf7a40-dbc4-4054-a790-36eef4dd93ac/sprints/ HTTP/1.1" 201 168
[04/May/2026 10:40:43] "GET /api/projects/4bbf7a40-dbc4-4054-a790-36eef4dd93ac/sprints/ HTTP/1.1" 200 170
[04/May/2026 10:40:43] "GET /api/projects/4bbf7a40-dbc4-4054-a790-36eef4dd93ac/sprints/e25d5847-d057-41a3-95ff-d2e0870a795b/ HTTP/1.1" 200 168
[04/May/2026 10:40:43] "POST /api/projects/4bbf7a40-dbc4-4054-a790-36eef4dd93ac/sprints/e25d5847-d057-41a3-95ff-d2e0870a795b/start/ HTTP/1.1" 200 206
[04/May/2026 10:40:43] "POST /api/projects/4bbf7a40-dbc4-4054-a790-36eef4dd93ac/sprints/e25d5847-d057-41a3-95ff-d2e0870a795b/complete/ HTTP/1.1" 200 205
Not Found: /api/projects/4bbf7a40-dbc4-4054-a790-36eef4dd93ac/sprints/e25d5847-d057-41a3-95ff-d2e0870a795b/report/
[04/May/2026 10:40:44] "GET /api/projects/4bbf7a40-dbc4-4054-a790-36eef4dd93ac/sprints/e25d5847-d057-41a3-95ff-d2e0870a795b/report/ HTTP/1.1" 404 36
[04/May/2026 10:40:44] "GET /api/dashboard/ HTTP/1.1" 200 1188
[04/May/2026 10:40:44] "GET /api/dashboard/stats/ HTTP/1.1" 200 109
[04/May/2026 10:40:44] "GET /api/dashboard/projects/ HTTP/1.1" 200 567
[04/May/2026 10:40:44] "GET /api/dashboard/recent-projects/ HTTP/1.1" 200 567
[04/May/2026 10:40:44] "GET /api/projects/4bbf7a40-dbc4-4054-a790-36eef4dd93ac/reports/progress/ HTTP/1.1" 200 122
[04/May/2026 10:40:44] "GET /api/projects/4bbf7a40-dbc4-4054-a790-36eef4dd93ac/sprints/e25d5847-d057-41a3-95ff-d2e0870a795b/reports/progress/ HTTP/1.1" 200 153
[04/May/2026 10:40:44] "GET /api/projects/4bbf7a40-dbc4-4054-a790-36eef4dd93ac/members/23/reports/progress/ HTTP/1.1" 200 134
Bad Request: /api/projects/4bbf7a40-dbc4-4054-a790-36eef4dd93ac/documents/
[04/May/2026 10:40:44] "POST /api/projects/4bbf7a40-dbc4-4054-a790-36eef4dd93ac/documents/ HTTP/1.1" 400 39
[04/May/2026 10:40:44] "GET /api/projects/4bbf7a40-dbc4-4054-a790-36eef4dd93ac/documents/ HTTP/1.1" 200 2
Not Found: /api/projects/4bbf7a40-dbc4-4054-a790-36eef4dd93ac/documents//
[04/May/2026 10:40:44] "GET /api/projects/4bbf7a40-dbc4-4054-a790-36eef4dd93ac/documents// HTTP/1.1" 404 24040
Not Found: /api/projects/4bbf7a40-dbc4-4054-a790-36eef4dd93ac/documents//
[04/May/2026 10:40:44] "PATCH /api/projects/4bbf7a40-dbc4-4054-a790-36eef4dd93ac/documents// HTTP/1.1" 404 24042
Not Found: /api/projects/4bbf7a40-dbc4-4054-a790-36eef4dd93ac/documents//
[04/May/2026 10:40:44] "DELETE /api/projects/4bbf7a40-dbc4-4054-a790-36eef4dd93ac/documents// HTTP/1.1" 404 24043
[04/May/2026 10:40:44] "POST /api/projects/4bbf7a40-dbc4-4054-a790-36eef4dd93ac/archive/ HTTP/1.1" 200 567
[04/May/2026 10:40:44] "POST /api/projects/4bbf7a40-dbc4-4054-a790-36eef4dd93ac/close/ HTTP/1.1" 200 565
[04/May/2026 10:40:44] "DELETE /api/projects/4bbf7a40-dbc4-4054-a790-36eef4dd93ac/ HTTP/1.1" 204 0
/home/snofy/project_matier/PM-A-backend/project/serializer.py changed, reloading.
Performing system checks...

System check identified no issues (0 silenced).
May 04, 2026 - 10:38:55
Django version 6.0.4, using settings 'config.settings'
Starting development server at http://0.0.0.0:8000/
Quit the server with CONTROL-C.

WARNING: This is a development server. Do not use it in a production setting. Use a production WSGI or ASGI server instead.
For more information on production servers see: https://docs.djangoproject.com/en/6.0/howto/deployment/
Watching for file changes with StatReloader
[04/May/2026 10:41:02] "POST /api/auth/register/ HTTP/1.1" 201 78
[04/May/2026 10:41:03] "POST /api/auth/login/ HTTP/1.1" 200 581
[04/May/2026 10:41:03] "POST /api/orgs/organizations/ HTTP/1.1" 201 131
[04/May/2026 10:41:03] "POST /api/orgs/workspaces/ HTTP/1.1" 201 163
[04/May/2026 10:41:03] "POST /api/projects/ HTTP/1.1" 201 567
[04/May/2026 10:41:03] "GET /api/projects/ HTTP/1.1" 200 569
[04/May/2026 10:41:03] "GET /api/projects/55299818-de8d-4c68-93f6-81554d215a49/ HTTP/1.1" 200 567
[04/May/2026 10:41:03] "PATCH /api/projects/55299818-de8d-4c68-93f6-81554d215a49/ HTTP/1.1" 200 565
[04/May/2026 10:41:03] "GET /api/projects/55299818-de8d-4c68-93f6-81554d215a49/members/ HTTP/1.1" 200 248
[04/May/2026 10:41:03] "GET /api/projects/55299818-de8d-4c68-93f6-81554d215a49/roles/ HTTP/1.1" 200 184
[04/May/2026 10:41:03] "GET /api/projects/55299818-de8d-4c68-93f6-81554d215a49/board/ HTTP/1.1" 200 1071
[04/May/2026 10:41:04] "POST /api/projects/55299818-de8d-4c68-93f6-81554d215a49/board/columns/ HTTP/1.1" 201 124
[04/May/2026 10:41:04] "PATCH /api/projects/55299818-de8d-4c68-93f6-81554d215a49/board/columns/3a38a27a-27ed-43ca-aa53-e53ea3e7d002/ HTTP/1.1" 200 139
[04/May/2026 10:41:04] "GET /api/projects/55299818-de8d-4c68-93f6-81554d215a49/board/stats/ HTTP/1.1" 200 480
[04/May/2026 10:41:04] "GET /api/projects/55299818-de8d-4c68-93f6-81554d215a49/board/task-summary/ HTTP/1.1" 200 2
[04/May/2026 10:41:04] "PATCH /api/projects/55299818-de8d-4c68-93f6-81554d215a49/board/config/ HTTP/1.1" 200 43
[04/May/2026 10:41:04] "POST /api/projects/55299818-de8d-4c68-93f6-81554d215a49/sprints/ HTTP/1.1" 201 168
[04/May/2026 10:41:04] "GET /api/projects/55299818-de8d-4c68-93f6-81554d215a49/sprints/ HTTP/1.1" 200 170
[04/May/2026 10:41:04] "GET /api/projects/55299818-de8d-4c68-93f6-81554d215a49/sprints/41f3a46e-e180-48b4-879b-8c3c6ac44536/ HTTP/1.1" 200 168
[04/May/2026 10:41:04] "POST /api/projects/55299818-de8d-4c68-93f6-81554d215a49/sprints/41f3a46e-e180-48b4-879b-8c3c6ac44536/start/ HTTP/1.1" 200 206
[04/May/2026 10:41:04] "POST /api/projects/55299818-de8d-4c68-93f6-81554d215a49/sprints/41f3a46e-e180-48b4-879b-8c3c6ac44536/complete/ HTTP/1.1" 200 205
Not Found: /api/projects/55299818-de8d-4c68-93f6-81554d215a49/sprints/41f3a46e-e180-48b4-879b-8c3c6ac44536/report/
[04/May/2026 10:41:04] "GET /api/projects/55299818-de8d-4c68-93f6-81554d215a49/sprints/41f3a46e-e180-48b4-879b-8c3c6ac44536/report/ HTTP/1.1" 404 36
[04/May/2026 10:41:04] "GET /api/dashboard/ HTTP/1.1" 200 1188
[04/May/2026 10:41:04] "GET /api/dashboard/stats/ HTTP/1.1" 200 109
[04/May/2026 10:41:04] "GET /api/dashboard/projects/ HTTP/1.1" 200 567
[04/May/2026 10:41:04] "GET /api/dashboard/recent-projects/ HTTP/1.1" 200 567
[04/May/2026 10:41:04] "GET /api/projects/55299818-de8d-4c68-93f6-81554d215a49/reports/progress/ HTTP/1.1" 200 122
[04/May/2026 10:41:04] "GET /api/projects/55299818-de8d-4c68-93f6-81554d215a49/sprints/41f3a46e-e180-48b4-879b-8c3c6ac44536/reports/progress/ HTTP/1.1" 200 153
[04/May/2026 10:41:04] "GET /api/projects/55299818-de8d-4c68-93f6-81554d215a49/members/24/reports/progress/ HTTP/1.1" 200 134
[04/May/2026 10:41:04] "POST /api/projects/55299818-de8d-4c68-93f6-81554d215a49/documents/ HTTP/1.1" 201 228
[04/May/2026 10:41:04] "GET /api/projects/55299818-de8d-4c68-93f6-81554d215a49/documents/ HTTP/1.1" 200 230
[04/May/2026 10:41:04] "GET /api/projects/55299818-de8d-4c68-93f6-81554d215a49/documents/3df85da0-92e8-44f3-b6dc-9a402a15eff1/ HTTP/1.1" 200 228
[04/May/2026 10:41:04] "PATCH /api/projects/55299818-de8d-4c68-93f6-81554d215a49/documents/3df85da0-92e8-44f3-b6dc-9a402a15eff1/ HTTP/1.1" 200 236
[04/May/2026 10:41:04] "DELETE /api/projects/55299818-de8d-4c68-93f6-81554d215a49/documents/3df85da0-92e8-44f3-b6dc-9a402a15eff1/ HTTP/1.1" 204 0
[04/May/2026 10:41:04] "POST /api/projects/55299818-de8d-4c68-93f6-81554d215a49/archive/ HTTP/1.1" 200 567
[04/May/2026 10:41:04] "POST /api/projects/55299818-de8d-4c68-93f6-81554d215a49/close/ HTTP/1.1" 200 565
[04/May/2026 10:41:04] "DELETE /api/projects/55299818-de8d-4c68-93f6-81554d215a49/ HTTP/1.1" 204 0
[04/May/2026 11:43:44] "POST /api/auth/register/ HTTP/1.1" 201 78
[04/May/2026 11:43:45] "POST /api/auth/login/ HTTP/1.1" 200 581
[04/May/2026 11:43:46] "POST /api/orgs/organizations/ HTTP/1.1" 201 131
[04/May/2026 11:43:46] "POST /api/orgs/workspaces/ HTTP/1.1" 201 163
[04/May/2026 11:43:46] "POST /api/projects/ HTTP/1.1" 201 567
[04/May/2026 11:43:46] "GET /api/projects/ HTTP/1.1" 200 569
[04/May/2026 11:43:46] "GET /api/projects/bf6acc49-2d34-4ae6-bb84-5cb35e0e280c/ HTTP/1.1" 200 567
[04/May/2026 11:43:46] "PATCH /api/projects/bf6acc49-2d34-4ae6-bb84-5cb35e0e280c/ HTTP/1.1" 200 565
[04/May/2026 11:43:46] "GET /api/projects/bf6acc49-2d34-4ae6-bb84-5cb35e0e280c/members/ HTTP/1.1" 200 248
[04/May/2026 11:43:46] "GET /api/projects/bf6acc49-2d34-4ae6-bb84-5cb35e0e280c/roles/ HTTP/1.1" 200 184
[04/May/2026 11:43:46] "GET /api/projects/bf6acc49-2d34-4ae6-bb84-5cb35e0e280c/board/ HTTP/1.1" 200 1071
[04/May/2026 11:43:46] "POST /api/projects/bf6acc49-2d34-4ae6-bb84-5cb35e0e280c/board/columns/ HTTP/1.1" 201 124
[04/May/2026 11:43:46] "PATCH /api/projects/bf6acc49-2d34-4ae6-bb84-5cb35e0e280c/board/columns/8502c476-850d-44f5-b767-6ab7ac358649/ HTTP/1.1" 200 139
[04/May/2026 11:43:46] "GET /api/projects/bf6acc49-2d34-4ae6-bb84-5cb35e0e280c/board/stats/ HTTP/1.1" 200 480
[04/May/2026 11:43:46] "GET /api/projects/bf6acc49-2d34-4ae6-bb84-5cb35e0e280c/board/task-summary/ HTTP/1.1" 200 2
[04/May/2026 11:43:46] "PATCH /api/projects/bf6acc49-2d34-4ae6-bb84-5cb35e0e280c/board/config/ HTTP/1.1" 200 43
[04/May/2026 11:43:46] "POST /api/projects/bf6acc49-2d34-4ae6-bb84-5cb35e0e280c/sprints/ HTTP/1.1" 201 168
[04/May/2026 11:43:46] "GET /api/projects/bf6acc49-2d34-4ae6-bb84-5cb35e0e280c/sprints/ HTTP/1.1" 200 170
[04/May/2026 11:43:46] "GET /api/projects/bf6acc49-2d34-4ae6-bb84-5cb35e0e280c/sprints/894cd8ee-a6b9-4c5f-a2c0-75a110415b2b/ HTTP/1.1" 200 168
[04/May/2026 11:43:46] "POST /api/projects/bf6acc49-2d34-4ae6-bb84-5cb35e0e280c/sprints/894cd8ee-a6b9-4c5f-a2c0-75a110415b2b/start/ HTTP/1.1" 200 206
[04/May/2026 11:43:46] "POST /api/projects/bf6acc49-2d34-4ae6-bb84-5cb35e0e280c/sprints/894cd8ee-a6b9-4c5f-a2c0-75a110415b2b/complete/ HTTP/1.1" 200 205
Not Found: /api/projects/bf6acc49-2d34-4ae6-bb84-5cb35e0e280c/sprints/894cd8ee-a6b9-4c5f-a2c0-75a110415b2b/report/
[04/May/2026 11:43:46] "GET /api/projects/bf6acc49-2d34-4ae6-bb84-5cb35e0e280c/sprints/894cd8ee-a6b9-4c5f-a2c0-75a110415b2b/report/ HTTP/1.1" 404 36
[04/May/2026 11:43:46] "GET /api/dashboard/ HTTP/1.1" 200 1188
[04/May/2026 11:43:47] "GET /api/dashboard/stats/ HTTP/1.1" 200 109
[04/May/2026 11:43:47] "GET /api/dashboard/projects/ HTTP/1.1" 200 567
[04/May/2026 11:43:47] "GET /api/dashboard/recent-projects/ HTTP/1.1" 200 567
[04/May/2026 11:43:47] "GET /api/projects/bf6acc49-2d34-4ae6-bb84-5cb35e0e280c/reports/progress/ HTTP/1.1" 200 122
[04/May/2026 11:43:47] "GET /api/projects/bf6acc49-2d34-4ae6-bb84-5cb35e0e280c/sprints/894cd8ee-a6b9-4c5f-a2c0-75a110415b2b/reports/progress/ HTTP/1.1" 200 153
[04/May/2026 11:43:47] "GET /api/projects/bf6acc49-2d34-4ae6-bb84-5cb35e0e280c/members/25/reports/progress/ HTTP/1.1" 200 134
[04/May/2026 11:43:47] "POST /api/projects/bf6acc49-2d34-4ae6-bb84-5cb35e0e280c/documents/ HTTP/1.1" 201 228
[04/May/2026 11:43:47] "GET /api/projects/bf6acc49-2d34-4ae6-bb84-5cb35e0e280c/documents/ HTTP/1.1" 200 230
[04/May/2026 11:43:47] "GET /api/projects/bf6acc49-2d34-4ae6-bb84-5cb35e0e280c/documents/9681fa4d-c2f3-4841-8ef5-efcd979e0aa6/ HTTP/1.1" 200 228
[04/May/2026 11:43:47] "PATCH /api/projects/bf6acc49-2d34-4ae6-bb84-5cb35e0e280c/documents/9681fa4d-c2f3-4841-8ef5-efcd979e0aa6/ HTTP/1.1" 200 236
[04/May/2026 11:43:47] "DELETE /api/projects/bf6acc49-2d34-4ae6-bb84-5cb35e0e280c/documents/9681fa4d-c2f3-4841-8ef5-efcd979e0aa6/ HTTP/1.1" 204 0
[04/May/2026 11:43:47] "POST /api/projects/bf6acc49-2d34-4ae6-bb84-5cb35e0e280c/archive/ HTTP/1.1" 200 567
[04/May/2026 11:43:47] "POST /api/projects/bf6acc49-2d34-4ae6-bb84-5cb35e0e280c/close/ HTTP/1.1" 200 565
[04/May/2026 11:43:47] "DELETE /api/projects/bf6acc49-2d34-4ae6-bb84-5cb35e0e280c/ HTTP/1.1" 204 0
/home/snofy/project_matier/PM-A-backend/config/urls.py changed, reloading.
Performing system checks...

System check identified no issues (0 silenced).
May 04, 2026 - 10:40:53
Django version 6.0.4, using settings 'config.settings'
Starting development server at http://0.0.0.0:8000/
Quit the server with CONTROL-C.

WARNING: This is a development server. Do not use it in a production setting. Use a production WSGI or ASGI server instead.
For more information on production servers see: https://docs.djangoproject.com/en/6.0/howto/deployment/
Watching for file changes with StatReloader
[04/May/2026 11:51:17] "POST /api/auth/register/ HTTP/1.1" 201 70
[04/May/2026 11:51:18] "POST /api/auth/login/ HTTP/1.1" 200 573
[04/May/2026 11:51:19] "POST /api/auth/register/ HTTP/1.1" 201 72
[04/May/2026 11:51:20] "POST /api/orgs/organizations/ HTTP/1.1" 201 127
[04/May/2026 11:51:20] "POST /api/orgs/workspaces/ HTTP/1.1" 201 164
[04/May/2026 11:51:20] "POST /api/projects/ HTTP/1.1" 201 548
Internal Server Error: /api/projects/74f9b0e8-4889-44a9-b438-56dd1b320cc1/roles/
Traceback (most recent call last):
  File "/home/snofy/project_matier/PM-A-backend/.venv/lib/python3.12/site-packages/django/core/handlers/exception.py", line 55, in inner
    response = get_response(request)
               ^^^^^^^^^^^^^^^^^^^^^
  File "/home/snofy/project_matier/PM-A-backend/.venv/lib/python3.12/site-packages/django/core/handlers/base.py", line 198, in _get_response
    response = wrapped_callback(request, *callback_args, **callback_kwargs)
               ^^^^^^^^^^^^^^^^^^^^^^^^^^^^^^^^^^^^^^^^^^^^^^^^^^^^^^^^^^^^
  File "/home/snofy/project_matier/PM-A-backend/.venv/lib/python3.12/site-packages/django/views/decorators/csrf.py", line 65, in _view_wrapper
    return view_func(request, *args, **kwargs)
           ^^^^^^^^^^^^^^^^^^^^^^^^^^^^^^^^^^^
  File "/home/snofy/project_matier/PM-A-backend/.venv/lib/python3.12/site-packages/django/views/generic/base.py", line 106, in view
    return self.dispatch(request, *args, **kwargs)
           ^^^^^^^^^^^^^^^^^^^^^^^^^^^^^^^^^^^^^^^
  File "/home/snofy/project_matier/PM-A-backend/.venv/lib/python3.12/site-packages/rest_framework/views.py", line 515, in dispatch
    response = self.handle_exception(exc)
               ^^^^^^^^^^^^^^^^^^^^^^^^^^
  File "/home/snofy/project_matier/PM-A-backend/.venv/lib/python3.12/site-packages/rest_framework/views.py", line 475, in handle_exception
    self.raise_uncaught_exception(exc)
  File "/home/snofy/project_matier/PM-A-backend/.venv/lib/python3.12/site-packages/rest_framework/views.py", line 486, in raise_uncaught_exception
    raise exc
  File "/home/snofy/project_matier/PM-A-backend/.venv/lib/python3.12/site-packages/rest_framework/views.py", line 512, in dispatch
    response = handler(request, *args, **kwargs)
               ^^^^^^^^^^^^^^^^^^^^^^^^^^^^^^^^^
  File "/home/snofy/project_matier/PM-A-backend/role/views.py", line 32, in post
    if project.owner_id != request.user.id:
       ^^^^^^^^^^^^^^^^
AttributeError: 'Project' object has no attribute 'owner_id'
[04/May/2026 11:51:20] "POST /api/projects/74f9b0e8-4889-44a9-b438-56dd1b320cc1/roles/ HTTP/1.1" 500 105656
[04/May/2026 11:53:37] "POST /api/auth/register/ HTTP/1.1" 201 70
[04/May/2026 11:53:38] "POST /api/auth/login/ HTTP/1.1" 200 573
[04/May/2026 11:53:39] "POST /api/auth/register/ HTTP/1.1" 201 72
[04/May/2026 11:53:39] "POST /api/orgs/organizations/ HTTP/1.1" 201 127
[04/May/2026 11:53:39] "POST /api/orgs/workspaces/ HTTP/1.1" 201 164
[04/May/2026 11:53:39] "POST /api/projects/ HTTP/1.1" 201 548
Internal Server Error: /api/projects/74eeaa4d-cb97-4714-a77a-45f24eec056f/roles/
Traceback (most recent call last):
  File "/home/snofy/project_matier/PM-A-backend/.venv/lib/python3.12/site-packages/django/core/handlers/exception.py", line 55, in inner
    response = get_response(request)
               ^^^^^^^^^^^^^^^^^^^^^
  File "/home/snofy/project_matier/PM-A-backend/.venv/lib/python3.12/site-packages/django/core/handlers/base.py", line 198, in _get_response
    response = wrapped_callback(request, *callback_args, **callback_kwargs)
               ^^^^^^^^^^^^^^^^^^^^^^^^^^^^^^^^^^^^^^^^^^^^^^^^^^^^^^^^^^^^
  File "/home/snofy/project_matier/PM-A-backend/.venv/lib/python3.12/site-packages/django/views/decorators/csrf.py", line 65, in _view_wrapper
    return view_func(request, *args, **kwargs)
           ^^^^^^^^^^^^^^^^^^^^^^^^^^^^^^^^^^^
  File "/home/snofy/project_matier/PM-A-backend/.venv/lib/python3.12/site-packages/django/views/generic/base.py", line 106, in view
    return self.dispatch(request, *args, **kwargs)
           ^^^^^^^^^^^^^^^^^^^^^^^^^^^^^^^^^^^^^^^
  File "/home/snofy/project_matier/PM-A-backend/.venv/lib/python3.12/site-packages/rest_framework/views.py", line 515, in dispatch
    response = self.handle_exception(exc)
               ^^^^^^^^^^^^^^^^^^^^^^^^^^
  File "/home/snofy/project_matier/PM-A-backend/.venv/lib/python3.12/site-packages/rest_framework/views.py", line 475, in handle_exception
    self.raise_uncaught_exception(exc)
  File "/home/snofy/project_matier/PM-A-backend/.venv/lib/python3.12/site-packages/rest_framework/views.py", line 486, in raise_uncaught_exception
    raise exc
  File "/home/snofy/project_matier/PM-A-backend/.venv/lib/python3.12/site-packages/rest_framework/views.py", line 512, in dispatch
    response = handler(request, *args, **kwargs)
               ^^^^^^^^^^^^^^^^^^^^^^^^^^^^^^^^^
  File "/home/snofy/project_matier/PM-A-backend/role/views.py", line 32, in post
    if project.owner_id != request.user.id:
       ^^^^^^^^^^^^^^^^
AttributeError: 'Project' object has no attribute 'owner_id'
[04/May/2026 11:53:40] "POST /api/projects/74eeaa4d-cb97-4714-a77a-45f24eec056f/roles/ HTTP/1.1" 500 105656
/home/snofy/project_matier/PM-A-backend/role/views.py changed, reloading.
Performing system checks...

System check identified no issues (0 silenced).
May 04, 2026 - 11:47:42
Django version 6.0.4, using settings 'config.settings'
Starting development server at http://0.0.0.0:8000/
Quit the server with CONTROL-C.

WARNING: This is a development server. Do not use it in a production setting. Use a production WSGI or ASGI server instead.
For more information on production servers see: https://docs.djangoproject.com/en/6.0/howto/deployment/
Watching for file changes with StatReloader
[04/May/2026 11:56:38] "POST /api/auth/register/ HTTP/1.1" 201 70
[04/May/2026 11:56:39] "POST /api/auth/login/ HTTP/1.1" 200 573
[04/May/2026 11:56:40] "POST /api/auth/register/ HTTP/1.1" 201 72
[04/May/2026 11:56:40] "POST /api/orgs/organizations/ HTTP/1.1" 201 127
[04/May/2026 11:56:40] "POST /api/orgs/workspaces/ HTTP/1.1" 201 164
[04/May/2026 11:56:40] "POST /api/projects/ HTTP/1.1" 201 548
Bad Request: /api/projects/9d024039-0352-4288-93b2-7d7825a3e3c5/roles/
[04/May/2026 11:56:40] "POST /api/projects/9d024039-0352-4288-93b2-7d7825a3e3c5/roles/ HTTP/1.1" 400 40
[04/May/2026 11:57:39] "POST /api/auth/register/ HTTP/1.1" 201 70
[04/May/2026 11:57:40] "POST /api/auth/login/ HTTP/1.1" 200 573
[04/May/2026 11:57:41] "POST /api/auth/register/ HTTP/1.1" 201 72
[04/May/2026 11:57:42] "POST /api/auth/login/ HTTP/1.1" 200 575
[04/May/2026 11:57:43] "POST /api/auth/login/ HTTP/1.1" 200 573
[04/May/2026 11:57:44] "POST /api/orgs/organizations/ HTTP/1.1" 201 127
[04/May/2026 11:57:44] "POST /api/orgs/workspaces/ HTTP/1.1" 201 164
[04/May/2026 11:57:44] "POST /api/projects/ HTTP/1.1" 201 548
[04/May/2026 11:57:44] "POST /api/projects/39a1dfb1-9bed-4d8d-8554-fe3f021b18c8/roles/ HTTP/1.1" 201 232
[04/May/2026 11:57:44] "GET /api/projects/39a1dfb1-9bed-4d8d-8554-fe3f021b18c8/roles/ HTTP/1.1" 200 234
[04/May/2026 11:57:44] "PATCH /api/projects/39a1dfb1-9bed-4d8d-8554-fe3f021b18c8/roles/11563733-da1d-4a9d-85a2-27a1aeb649ff/ HTTP/1.1" 200 234
[04/May/2026 11:57:44] "DELETE /api/projects/39a1dfb1-9bed-4d8d-8554-fe3f021b18c8/roles/11563733-da1d-4a9d-85a2-27a1aeb649ff/ HTTP/1.1" 204 0
[04/May/2026 11:57:44] "GET /api/projects/39a1dfb1-9bed-4d8d-8554-fe3f021b18c8/roles/ HTTP/1.1" 200 2
[04/May/2026 12:03:27] "POST /api/auth/register/ HTTP/1.1" 201 76
[04/May/2026 12:03:28] "POST /api/auth/login/ HTTP/1.1" 200 579
[04/May/2026 12:03:28] "POST /api/orgs/organizations/ HTTP/1.1" 201 133
Not Found: /api/orgs/organizations/7b66b7e1-35d2-4e04-bd01-3efe849b5264/
[04/May/2026 12:03:28] "PATCH /api/orgs/organizations/7b66b7e1-35d2-4e04-bd01-3efe849b5264/ HTTP/1.1" 404 53
[04/May/2026 12:03:28] "POST /api/orgs/workspaces/ HTTP/1.1" 201 176
[04/May/2026 12:03:28] "POST /api/projects/ HTTP/1.1" 201 567
[04/May/2026 12:03:28] "GET /api/orgs/organizations/ HTTP/1.1" 200 173
[04/May/2026 12:03:28] "GET /api/orgs/tree/ HTTP/1.1" 200 464
[04/May/2026 12:03:30] "POST /api/orgs/invitations/ HTTP/1.1" 201 253
[04/May/2026 12:03:30] "POST /api/orgs/invitations/2616f15c-6302-475a-8833-8872766a4dba/accept/ HTTP/1.1" 200 43
[04/May/2026 12:03:30] "DELETE /api/orgs/workspaces/0339dce2-06d2-4982-9030-c4350a4a8387/ HTTP/1.1" 204 0
Not Found: /api/orgs/organizations/7b66b7e1-35d2-4e04-bd01-3efe849b5264/
[04/May/2026 12:03:30] "DELETE /api/orgs/organizations/7b66b7e1-35d2-4e04-bd01-3efe849b5264/ HTTP/1.1" 404 53
[04/May/2026 12:03:56] "POST /api/auth/register/ HTTP/1.1" 201 76
[04/May/2026 12:03:57] "POST /api/auth/login/ HTTP/1.1" 200 579
[04/May/2026 12:03:57] "POST /api/orgs/organizations/ HTTP/1.1" 201 133
Not Found: /api/orgs/organizations/72268c7f-9fdf-4316-8834-3ccd47c86586/
[04/May/2026 12:03:57] "PATCH /api/orgs/organizations/72268c7f-9fdf-4316-8834-3ccd47c86586/ HTTP/1.1" 404 53
[04/May/2026 12:03:57] "POST /api/orgs/workspaces/ HTTP/1.1" 201 176
[04/May/2026 12:03:57] "POST /api/projects/ HTTP/1.1" 201 567
[04/May/2026 12:03:57] "GET /api/orgs/organizations/ HTTP/1.1" 200 173
[04/May/2026 12:03:57] "GET /api/orgs/tree/ HTTP/1.1" 200 464
[04/May/2026 12:03:59] "POST /api/orgs/invitations/ HTTP/1.1" 201 253
[04/May/2026 12:03:59] "POST /api/orgs/invitations/15f3669e-2135-456a-8cac-e2f679bbe562/accept/ HTTP/1.1" 200 43
[04/May/2026 12:03:59] "DELETE /api/orgs/workspaces/5368c0a6-23fe-41b3-b5fe-0e1e4dd98b4a/ HTTP/1.1" 204 0
Not Found: /api/orgs/organizations/72268c7f-9fdf-4316-8834-3ccd47c86586/
[04/May/2026 12:03:59] "DELETE /api/orgs/organizations/72268c7f-9fdf-4316-8834-3ccd47c86586/ HTTP/1.1" 404 53
[04/May/2026 12:06:08] "POST /api/auth/register/ HTTP/1.1" 201 78
[04/May/2026 12:06:09] "POST /api/auth/login/ HTTP/1.1" 200 581
[04/May/2026 12:06:52] "POST /api/auth/register/ HTTP/1.1" 201 78
[04/May/2026 12:06:53] "POST /api/auth/login/ HTTP/1.1" 200 581
[04/May/2026 12:06:54] "GET /api/core/spaces/ HTTP/1.1" 200 303
[04/May/2026 12:06:54] "GET /api/core/notifications/ HTTP/1.1" 200 265
[04/May/2026 12:06:54] "POST /api/core/notifications/d8bcf523-d5ed-4058-a387-d646ee3550d3/read/ HTTP/1.1" 200 20
[04/May/2026 12:06:54] "POST /api/core/notifications/read-all/ HTTP/1.1" 200 20
[04/May/2026 12:11:28] "POST /api/auth/register/ HTTP/1.1" 201 82
[04/May/2026 12:11:29] "POST /api/auth/login/ HTTP/1.1" 200 585
[04/May/2026 12:11:29] "POST /api/orgs/organizations/ HTTP/1.1" 201 124
[04/May/2026 12:11:29] "POST /api/orgs/workspaces/ HTTP/1.1" 201 158
[04/May/2026 12:11:29] "POST /api/projects/ HTTP/1.1" 201 536
Method Not Allowed: /api/tickets/
[04/May/2026 12:11:29] "POST /api/tickets/ HTTP/1.1" 405 41
[04/May/2026 12:11:29] "GET /api/tickets/?project_id=65189aa3-a0bc-4db7-9751-17afc31af0eb HTTP/1.1" 200 3838
Not Found: /api/projects/65189aa3-a0bc-4db7-9751-17afc31af0eb/tickets/50978c0c-7ae8-4493-8057-223b23322fcb/comments/
[04/May/2026 12:11:29] "POST /api/projects/65189aa3-a0bc-4db7-9751-17afc31af0eb/tickets/50978c0c-7ae8-4493-8057-223b23322fcb/comments/ HTTP/1.1" 404 47
[04/May/2026 12:12:21] "POST /api/auth/register/ HTTP/1.1" 201 82
[04/May/2026 12:12:22] "POST /api/auth/login/ HTTP/1.1" 200 585
[04/May/2026 12:12:22] "POST /api/orgs/organizations/ HTTP/1.1" 201 124
[04/May/2026 12:12:23] "POST /api/orgs/workspaces/ HTTP/1.1" 201 158
[04/May/2026 12:12:23] "POST /api/projects/ HTTP/1.1" 201 536
[04/May/2026 12:12:23] "POST /api/projects/2a64416e-37bd-4e3a-a690-160bdcda2b9d/tickets/ HTTP/1.1" 201 364
[04/May/2026 12:12:23] "POST /api/projects/2a64416e-37bd-4e3a-a690-160bdcda2b9d/tickets/1a281a3b-1720-4856-b819-569d072cad8e/comments/ HTTP/1.1" 201 280
[04/May/2026 12:12:23] "GET /api/projects/2a64416e-37bd-4e3a-a690-160bdcda2b9d/tickets/1a281a3b-1720-4856-b819-569d072cad8e/comments/ HTTP/1.1" 200 282
[04/May/2026 12:12:23] "PATCH /api/projects/2a64416e-37bd-4e3a-a690-160bdcda2b9d/tickets/1a281a3b-1720-4856-b819-569d072cad8e/comments/a7816b8b-bddc-4a3c-b21f-3e18da0b89bd/ HTTP/1.1" 200 273
[04/May/2026 12:12:23] "POST /api/projects/2a64416e-37bd-4e3a-a690-160bdcda2b9d/tickets/1a281a3b-1720-4856-b819-569d072cad8e/comments/a7816b8b-bddc-4a3c-b21f-3e18da0b89bd/reactions/ HTTP/1.1" 201 197
[04/May/2026 12:12:23] "GET /api/projects/2a64416e-37bd-4e3a-a690-160bdcda2b9d/tickets/1a281a3b-1720-4856-b819-569d072cad8e/comments/a7816b8b-bddc-4a3c-b21f-3e18da0b89bd/reactions/ HTTP/1.1" 200 199
[04/May/2026 12:12:23] "DELETE /api/projects/2a64416e-37bd-4e3a-a690-160bdcda2b9d/tickets/1a281a3b-1720-4856-b819-569d072cad8e/comments/a7816b8b-bddc-4a3c-b21f-3e18da0b89bd/reactions/c6a2993e-330f-40a4-a578-96b87fac9937/ HTTP/1.1" 204 0
[04/May/2026 12:12:23] "POST /api/channels/ HTTP/1.1" 201 190
[04/May/2026 12:12:23] "GET /api/channels/?organization_id=01237430-66ad-4e56-b5b8-579f29d2246b HTTP/1.1" 200 192
[04/May/2026 12:12:23] "POST /api/messages/ HTTP/1.1" 201 276
[04/May/2026 12:12:23] "GET /api/messages/?channel_id=b0f73642-270f-4013-98a9-ea5c50e9aef8 HTTP/1.1" 200 278
Not Found: /
[04/May/2026 12:13:03] "GET / HTTP/1.1" 404 4441
[04/May/2026 12:13:09] "GET /api/docs HTTP/1.1" 301 0
[04/May/2026 12:13:09] "GET /api/docs/ HTTP/1.1" 200 4639
/home/snofy/project_matier/PM-A-backend/accounts/views.py: Error [LogoutView]: unable to guess serializer. This is graceful fallback handling for APIViews. Consider using GenericAPIView as view base class, if view is under your control. Either way you may want to add a serializer_class (or method). Ignoring view for now.
/home/snofy/project_matier/PM-A-backend/accounts/views.py: Warning [LogoutView]: could not resolve authenticator <class 'accounts.authentication.JWTAuthentication'>. There was no OpenApiAuthenticationExtension registered for that class. Try creating one by subclassing it. Ignoring for now.
/home/snofy/project_matier/PM-A-backend/accounts/views.py: Error [MFASetupView]: unable to guess serializer. This is graceful fallback handling for APIViews. Consider using GenericAPIView as view base class, if view is under your control. Either way you may want to add a serializer_class (or method). Ignoring view for now.
/home/snofy/project_matier/PM-A-backend/accounts/views.py: Warning [MFASetupView]: could not resolve authenticator <class 'accounts.authentication.JWTAuthentication'>. There was no OpenApiAuthenticationExtension registered for that class. Try creating one by subclassing it. Ignoring for now.
/home/snofy/project_matier/PM-A-backend/accounts/views.py: Error [MFAVerifyView]: unable to guess serializer. This is graceful fallback handling for APIViews. Consider using GenericAPIView as view base class, if view is under your control. Either way you may want to add a serializer_class (or method). Ignoring view for now.
/home/snofy/project_matier/PM-A-backend/accounts/views.py: Warning [MFAVerifyView]: could not resolve authenticator <class 'accounts.authentication.JWTAuthentication'>. There was no OpenApiAuthenticationExtension registered for that class. Try creating one by subclassing it. Ignoring for now.
/home/snofy/project_matier/PM-A-backend/accounts/views.py: Error [OAuthLoginView]: unable to guess serializer. This is graceful fallback handling for APIViews. Consider using GenericAPIView as view base class, if view is under your control. Either way you may want to add a serializer_class (or method). Ignoring view for now.
/home/snofy/project_matier/PM-A-backend/accounts/views.py: Warning [OAuthLoginView]: could not resolve authenticator <class 'accounts.authentication.JWTAuthentication'>. There was no OpenApiAuthenticationExtension registered for that class. Try creating one by subclassing it. Ignoring for now.
/home/snofy/project_matier/PM-A-backend/accounts/views.py: Warning [RegisterView]: could not resolve authenticator <class 'accounts.authentication.JWTAuthentication'>. There was no OpenApiAuthenticationExtension registered for that class. Try creating one by subclassing it. Ignoring for now.
/home/snofy/project_matier/PM-A-backend/accounts/views.py: Error [PasswordResetRequestView]: unable to guess serializer. This is graceful fallback handling for APIViews. Consider using GenericAPIView as view base class, if view is under your control. Either way you may want to add a serializer_class (or method). Ignoring view for now.
/home/snofy/project_matier/PM-A-backend/accounts/views.py: Warning [PasswordResetRequestView]: could not resolve authenticator <class 'accounts.authentication.JWTAuthentication'>. There was no OpenApiAuthenticationExtension registered for that class. Try creating one by subclassing it. Ignoring for now.
/home/snofy/project_matier/PM-A-backend/accounts/views.py: Error [PasswordResetConfirmView]: unable to guess serializer. This is graceful fallback handling for APIViews. Consider using GenericAPIView as view base class, if view is under your control. Either way you may want to add a serializer_class (or method). Ignoring view for now.
/home/snofy/project_matier/PM-A-backend/accounts/views.py: Warning [PasswordResetConfirmView]: could not resolve authenticator <class 'accounts.authentication.JWTAuthentication'>. There was no OpenApiAuthenticationExtension registered for that class. Try creating one by subclassing it. Ignoring for now.
/home/snofy/project_matier/PM-A-backend/accounts/views.py: Error [PasswordResetVerifyOTPView]: unable to guess serializer. This is graceful fallback handling for APIViews. Consider using GenericAPIView as view base class, if view is under your control. Either way you may want to add a serializer_class (or method). Ignoring view for now.
/home/snofy/project_matier/PM-A-backend/accounts/views.py: Warning [PasswordResetVerifyOTPView]: could not resolve authenticator <class 'accounts.authentication.JWTAuthentication'>. There was no OpenApiAuthenticationExtension registered for that class. Try creating one by subclassing it. Ignoring for now.
/home/snofy/project_matier/PM-A-backend/accounts/views.py: Error [CookieTokenRefreshView]: unable to guess serializer. This is graceful fallback handling for APIViews. Consider using GenericAPIView as view base class, if view is under your control. Either way you may want to add a serializer_class (or method). Ignoring view for now.
/home/snofy/project_matier/PM-A-backend/accounts/views.py: Warning [CookieTokenRefreshView]: could not resolve authenticator <class 'accounts.authentication.JWTAuthentication'>. There was no OpenApiAuthenticationExtension registered for that class. Try creating one by subclassing it. Ignoring for now.
/home/snofy/project_matier/PM-A-backend/project/views.py: Error [BoardColumnDetailView]: unable to guess serializer. This is graceful fallback handling for APIViews. Consider using GenericAPIView as view base class, if view is under your control. Either way you may want to add a serializer_class (or method). Ignoring view for now.
/home/snofy/project_matier/PM-A-backend/project/views.py: Warning [BoardColumnDetailView]: could not resolve authenticator <class 'accounts.authentication.JWTAuthentication'>. There was no OpenApiAuthenticationExtension registered for that class. Try creating one by subclassing it. Ignoring for now.
/home/snofy/project_matier/PM-A-backend/collaboration/views.py: Warning [ChatChannelViewSet]: could not resolve authenticator <class 'accounts.authentication.JWTAuthentication'>. There was no OpenApiAuthenticationExtension registered for that class. Try creating one by subclassing it. Ignoring for now.
/home/snofy/project_matier/PM-A-backend/core/views.py: Error [NotificationListView]: unable to guess serializer. This is graceful fallback handling for APIViews. Consider using GenericAPIView as view base class, if view is under your control. Either way you may want to add a serializer_class (or method). Ignoring view for now.
/home/snofy/project_matier/PM-A-backend/core/views.py: Warning [NotificationListView]: could not resolve authenticator <class 'accounts.authentication.JWTAuthentication'>. There was no OpenApiAuthenticationExtension registered for that class. Try creating one by subclassing it. Ignoring for now.
/home/snofy/project_matier/PM-A-backend/core/views.py: Error [MarkNotificationReadView]: unable to guess serializer. This is graceful fallback handling for APIViews. Consider using GenericAPIView as view base class, if view is under your control. Either way you may want to add a serializer_class (or method). Ignoring view for now.
/home/snofy/project_matier/PM-A-backend/core/views.py: Warning [MarkNotificationReadView]: could not resolve authenticator <class 'accounts.authentication.JWTAuthentication'>. There was no OpenApiAuthenticationExtension registered for that class. Try creating one by subclassing it. Ignoring for now.
/home/snofy/project_matier/PM-A-backend/core/views.py: Error [MarkAllNotificationsReadView]: unable to guess serializer. This is graceful fallback handling for APIViews. Consider using GenericAPIView as view base class, if view is under your control. Either way you may want to add a serializer_class (or method). Ignoring view for now.
/home/snofy/project_matier/PM-A-backend/core/views.py: Warning [MarkAllNotificationsReadView]: could not resolve authenticator <class 'accounts.authentication.JWTAuthentication'>. There was no OpenApiAuthenticationExtension registered for that class. Try creating one by subclassing it. Ignoring for now.
/home/snofy/project_matier/PM-A-backend/core/views.py: Error [space_list]: unable to guess serializer. This is graceful fallback handling for APIViews. Consider using GenericAPIView as view base class, if view is under your control. Either way you may want to add a serializer_class (or method). Ignoring view for now.
/home/snofy/project_matier/PM-A-backend/core/views.py: Warning [space_list]: could not resolve authenticator <class 'accounts.authentication.JWTAuthentication'>. There was no OpenApiAuthenticationExtension registered for that class. Try creating one by subclassing it. Ignoring for now.
/home/snofy/project_matier/PM-A-backend/project/views.py: Error [DashboardView]: unable to guess serializer. This is graceful fallback handling for APIViews. Consider using GenericAPIView as view base class, if view is under your control. Either way you may want to add a serializer_class (or method). Ignoring view for now.
/home/snofy/project_matier/PM-A-backend/project/views.py: Warning [DashboardView]: could not resolve authenticator <class 'accounts.authentication.JWTAuthentication'>. There was no OpenApiAuthenticationExtension registered for that class. Try creating one by subclassing it. Ignoring for now.
/home/snofy/project_matier/PM-A-backend/project/views.py: Error [DashboardProjectsView]: unable to guess serializer. This is graceful fallback handling for APIViews. Consider using GenericAPIView as view base class, if view is under your control. Either way you may want to add a serializer_class (or method). Ignoring view for now.
/home/snofy/project_matier/PM-A-backend/project/views.py: Warning [DashboardProjectsView]: could not resolve authenticator <class 'accounts.authentication.JWTAuthentication'>. There was no OpenApiAuthenticationExtension registered for that class. Try creating one by subclassing it. Ignoring for now.
/home/snofy/project_matier/PM-A-backend/project/views.py: Error [RecentProjectsView]: unable to guess serializer. This is graceful fallback handling for APIViews. Consider using GenericAPIView as view base class, if view is under your control. Either way you may want to add a serializer_class (or method). Ignoring view for now.
/home/snofy/project_matier/PM-A-backend/project/views.py: Warning [RecentProjectsView]: could not resolve authenticator <class 'accounts.authentication.JWTAuthentication'>. There was no OpenApiAuthenticationExtension registered for that class. Try creating one by subclassing it. Ignoring for now.
/home/snofy/project_matier/PM-A-backend/project/views.py: Error [DashboardStatsView]: unable to guess serializer. This is graceful fallback handling for APIViews. Consider using GenericAPIView as view base class, if view is under your control. Either way you may want to add a serializer_class (or method). Ignoring view for now.
/home/snofy/project_matier/PM-A-backend/project/views.py: Warning [DashboardStatsView]: could not resolve authenticator <class 'accounts.authentication.JWTAuthentication'>. There was no OpenApiAuthenticationExtension registered for that class. Try creating one by subclassing it. Ignoring for now.
/home/snofy/project_matier/PM-A-backend/project/views.py: Error [health_check]: unable to guess serializer. This is graceful fallback handling for APIViews. Consider using GenericAPIView as view base class, if view is under your control. Either way you may want to add a serializer_class (or method). Ignoring view for now.
/home/snofy/project_matier/PM-A-backend/project/views.py: Warning [health_check]: could not resolve authenticator <class 'accounts.authentication.JWTAuthentication'>. There was no OpenApiAuthenticationExtension registered for that class. Try creating one by subclassing it. Ignoring for now.
/home/snofy/project_matier/PM-A-backend/collaboration/views.py: Warning [ChatMessageViewSet]: could not resolve authenticator <class 'accounts.authentication.JWTAuthentication'>. There was no OpenApiAuthenticationExtension registered for that class. Try creating one by subclassing it. Ignoring for now.
/home/snofy/project_matier/PM-A-backend/orgs/views.py: Warning [InvitationViewSet]: could not resolve authenticator <class 'accounts.authentication.JWTAuthentication'>. There was no OpenApiAuthenticationExtension registered for that class. Try creating one by subclassing it. Ignoring for now.
/home/snofy/project_matier/PM-A-backend/orgs/views.py: Error [AcceptInvitationView]: unable to guess serializer. This is graceful fallback handling for APIViews. Consider using GenericAPIView as view base class, if view is under your control. Either way you may want to add a serializer_class (or method). Ignoring view for now.
/home/snofy/project_matier/PM-A-backend/orgs/views.py: Warning [AcceptInvitationView]: could not resolve authenticator <class 'accounts.authentication.JWTAuthentication'>. There was no OpenApiAuthenticationExtension registered for that class. Try creating one by subclassing it. Ignoring for now.
/home/snofy/project_matier/PM-A-backend/orgs/views.py: Warning [OrganizationViewSet]: could not resolve authenticator <class 'accounts.authentication.JWTAuthentication'>. There was no OpenApiAuthenticationExtension registered for that class. Try creating one by subclassing it. Ignoring for now.
/home/snofy/project_matier/PM-A-backend/orgs/views.py: Warning [OrganizationViewSet]: could not derive type of path parameter "id" because it is untyped and obtaining queryset from the viewset failed. Consider adding a type to the path (e.g. <int:id>) or annotating the parameter type with @extend_schema. Defaulting to "string".
/home/snofy/project_matier/PM-A-backend/project/views.py: Error [OrganizationReleaseListView]: unable to guess serializer. This is graceful fallback handling for APIViews. Consider using GenericAPIView as view base class, if view is under your control. Either way you may want to add a serializer_class (or method). Ignoring view for now.
/home/snofy/project_matier/PM-A-backend/project/views.py: Warning [OrganizationReleaseListView]: could not resolve authenticator <class 'accounts.authentication.JWTAuthentication'>. There was no OpenApiAuthenticationExtension registered for that class. Try creating one by subclassing it. Ignoring for now.
/home/snofy/project_matier/PM-A-backend/orgs/views.py: Error [OrganizationTreeView]: unable to guess serializer. This is graceful fallback handling for APIViews. Consider using GenericAPIView as view base class, if view is under your control. Either way you may want to add a serializer_class (or method). Ignoring view for now.
/home/snofy/project_matier/PM-A-backend/orgs/views.py: Warning [OrganizationTreeView]: could not resolve authenticator <class 'accounts.authentication.JWTAuthentication'>. There was no OpenApiAuthenticationExtension registered for that class. Try creating one by subclassing it. Ignoring for now.
/home/snofy/project_matier/PM-A-backend/orgs/views.py: Warning [WorkspaceViewSet]: could not resolve authenticator <class 'accounts.authentication.JWTAuthentication'>. There was no OpenApiAuthenticationExtension registered for that class. Try creating one by subclassing it. Ignoring for now.
/home/snofy/project_matier/PM-A-backend/orgs/views.py: Warning [WorkspaceViewSet]: could not derive type of path parameter "id" because it is untyped and obtaining queryset from the viewset failed. Consider adding a type to the path (e.g. <int:id>) or annotating the parameter type with @extend_schema. Defaulting to "string".
/home/snofy/project_matier/PM-A-backend/project/views.py: Error [ProjectListCreateView]: unable to guess serializer. This is graceful fallback handling for APIViews. Consider using GenericAPIView as view base class, if view is under your control. Either way you may want to add a serializer_class (or method). Ignoring view for now.
/home/snofy/project_matier/PM-A-backend/project/views.py: Warning [ProjectListCreateView]: could not resolve authenticator <class 'accounts.authentication.JWTAuthentication'>. There was no OpenApiAuthenticationExtension registered for that class. Try creating one by subclassing it. Ignoring for now.
/home/snofy/project_matier/PM-A-backend/project/views.py: Error [ProjectDetailView]: unable to guess serializer. This is graceful fallback handling for APIViews. Consider using GenericAPIView as view base class, if view is under your control. Either way you may want to add a serializer_class (or method). Ignoring view for now.
/home/snofy/project_matier/PM-A-backend/project/views.py: Warning [ProjectDetailView]: could not resolve authenticator <class 'accounts.authentication.JWTAuthentication'>. There was no OpenApiAuthenticationExtension registered for that class. Try creating one by subclassing it. Ignoring for now.
/home/snofy/project_matier/PM-A-backend/project/views.py: Error [ProjectArchiveView]: unable to guess serializer. This is graceful fallback handling for APIViews. Consider using GenericAPIView as view base class, if view is under your control. Either way you may want to add a serializer_class (or method). Ignoring view for now.
/home/snofy/project_matier/PM-A-backend/project/views.py: Warning [ProjectArchiveView]: could not resolve authenticator <class 'accounts.authentication.JWTAuthentication'>. There was no OpenApiAuthenticationExtension registered for that class. Try creating one by subclassing it. Ignoring for now.
/home/snofy/project_matier/PM-A-backend/tickets/views.py: Error [BacklogListCreateView]: unable to guess serializer. This is graceful fallback handling for APIViews. Consider using GenericAPIView as view base class, if view is under your control. Either way you may want to add a serializer_class (or method). Ignoring view for now.
/home/snofy/project_matier/PM-A-backend/tickets/views.py: Warning [BacklogListCreateView]: could not resolve authenticator <class 'accounts.authentication.JWTAuthentication'>. There was no OpenApiAuthenticationExtension registered for that class. Try creating one by subclassing it. Ignoring for now.
/home/snofy/project_matier/PM-A-backend/tickets/views.py: Error [BacklogDeleteView]: unable to guess serializer. This is graceful fallback handling for APIViews. Consider using GenericAPIView as view base class, if view is under your control. Either way you may want to add a serializer_class (or method). Ignoring view for now.
/home/snofy/project_matier/PM-A-backend/tickets/views.py: Warning [BacklogDeleteView]: could not resolve authenticator <class 'accounts.authentication.JWTAuthentication'>. There was no OpenApiAuthenticationExtension registered for that class. Try creating one by subclassing it. Ignoring for now.
/home/snofy/project_matier/PM-A-backend/tickets/views.py: Error [BacklogAddToSprintView]: unable to guess serializer. This is graceful fallback handling for APIViews. Consider using GenericAPIView as view base class, if view is under your control. Either way you may want to add a serializer_class (or method). Ignoring view for now.
/home/snofy/project_matier/PM-A-backend/tickets/views.py: Warning [BacklogAddToSprintView]: could not resolve authenticator <class 'accounts.authentication.JWTAuthentication'>. There was no OpenApiAuthenticationExtension registered for that class. Try creating one by subclassing it. Ignoring for now.
/home/snofy/project_matier/PM-A-backend/tickets/views.py: Error [BacklogPrioritizeView]: unable to guess serializer. This is graceful fallback handling for APIViews. Consider using GenericAPIView as view base class, if view is under your control. Either way you may want to add a serializer_class (or method). Ignoring view for now.
/home/snofy/project_matier/PM-A-backend/tickets/views.py: Warning [BacklogPrioritizeView]: could not resolve authenticator <class 'accounts.authentication.JWTAuthentication'>. There was no OpenApiAuthenticationExtension registered for that class. Try creating one by subclassing it. Ignoring for now.
/home/snofy/project_matier/PM-A-backend/project/views.py: Error [BoardView]: unable to guess serializer. This is graceful fallback handling for APIViews. Consider using GenericAPIView as view base class, if view is under your control. Either way you may want to add a serializer_class (or method). Ignoring view for now.
/home/snofy/project_matier/PM-A-backend/project/views.py: Warning [BoardView]: could not resolve authenticator <class 'accounts.authentication.JWTAuthentication'>. There was no OpenApiAuthenticationExtension registered for that class. Try creating one by subclassing it. Ignoring for now.
/home/snofy/project_matier/PM-A-backend/project/views.py: Error [BoardColumnCreateView]: unable to guess serializer. This is graceful fallback handling for APIViews. Consider using GenericAPIView as view base class, if view is under your control. Either way you may want to add a serializer_class (or method). Ignoring view for now.
/home/snofy/project_matier/PM-A-backend/project/views.py: Warning [BoardColumnCreateView]: could not resolve authenticator <class 'accounts.authentication.JWTAuthentication'>. There was no OpenApiAuthenticationExtension registered for that class. Try creating one by subclassing it. Ignoring for now.
/home/snofy/project_matier/PM-A-backend/project/views.py: Error [BoardConfigView]: unable to guess serializer. This is graceful fallback handling for APIViews. Consider using GenericAPIView as view base class, if view is under your control. Either way you may want to add a serializer_class (or method). Ignoring view for now.
/home/snofy/project_matier/PM-A-backend/project/views.py: Warning [BoardConfigView]: could not resolve authenticator <class 'accounts.authentication.JWTAuthentication'>. There was no OpenApiAuthenticationExtension registered for that class. Try creating one by subclassing it. Ignoring for now.
/home/snofy/project_matier/PM-A-backend/project/views.py: Error [BoardStatsView]: unable to guess serializer. This is graceful fallback handling for APIViews. Consider using GenericAPIView as view base class, if view is under your control. Either way you may want to add a serializer_class (or method). Ignoring view for now.
/home/snofy/project_matier/PM-A-backend/project/views.py: Warning [BoardStatsView]: could not resolve authenticator <class 'accounts.authentication.JWTAuthentication'>. There was no OpenApiAuthenticationExtension registered for that class. Try creating one by subclassing it. Ignoring for now.
/home/snofy/project_matier/PM-A-backend/project/views.py: Error [BoardTaskSummaryView]: unable to guess serializer. This is graceful fallback handling for APIViews. Consider using GenericAPIView as view base class, if view is under your control. Either way you may want to add a serializer_class (or method). Ignoring view for now.
/home/snofy/project_matier/PM-A-backend/project/views.py: Warning [BoardTaskSummaryView]: could not resolve authenticator <class 'accounts.authentication.JWTAuthentication'>. There was no OpenApiAuthenticationExtension registered for that class. Try creating one by subclassing it. Ignoring for now.
/home/snofy/project_matier/PM-A-backend/tickets/views.py: Error [TicketMoveView]: unable to guess serializer. This is graceful fallback handling for APIViews. Consider using GenericAPIView as view base class, if view is under your control. Either way you may want to add a serializer_class (or method). Ignoring view for now.
/home/snofy/project_matier/PM-A-backend/tickets/views.py: Warning [TicketMoveView]: could not resolve authenticator <class 'accounts.authentication.JWTAuthentication'>. There was no OpenApiAuthenticationExtension registered for that class. Try creating one by subclassing it. Ignoring for now.
/home/snofy/project_matier/PM-A-backend/tickets/views.py: Error [TicketMovementListView]: unable to guess serializer. This is graceful fallback handling for APIViews. Consider using GenericAPIView as view base class, if view is under your control. Either way you may want to add a serializer_class (or method). Ignoring view for now.
/home/snofy/project_matier/PM-A-backend/tickets/views.py: Warning [TicketMovementListView]: could not resolve authenticator <class 'accounts.authentication.JWTAuthentication'>. There was no OpenApiAuthenticationExtension registered for that class. Try creating one by subclassing it. Ignoring for now.
/home/snofy/project_matier/PM-A-backend/project/views.py: Error [ProjectCloseView]: unable to guess serializer. This is graceful fallback handling for APIViews. Consider using GenericAPIView as view base class, if view is under your control. Either way you may want to add a serializer_class (or method). Ignoring view for now.
/home/snofy/project_matier/PM-A-backend/project/views.py: Warning [ProjectCloseView]: could not resolve authenticator <class 'accounts.authentication.JWTAuthentication'>. There was no OpenApiAuthenticationExtension registered for that class. Try creating one by subclassing it. Ignoring for now.
/home/snofy/project_matier/PM-A-backend/project/views.py: Error [ProjectDocumentListView]: unable to guess serializer. This is graceful fallback handling for APIViews. Consider using GenericAPIView as view base class, if view is under your control. Either way you may want to add a serializer_class (or method). Ignoring view for now.
/home/snofy/project_matier/PM-A-backend/project/views.py: Warning [ProjectDocumentListView]: could not resolve authenticator <class 'accounts.authentication.JWTAuthentication'>. There was no OpenApiAuthenticationExtension registered for that class. Try creating one by subclassing it. Ignoring for now.
/home/snofy/project_matier/PM-A-backend/project/views.py: Error [ProjectDocumentDetailView]: unable to guess serializer. This is graceful fallback handling for APIViews. Consider using GenericAPIView as view base class, if view is under your control. Either way you may want to add a serializer_class (or method). Ignoring view for now.
/home/snofy/project_matier/PM-A-backend/project/views.py: Warning [ProjectDocumentDetailView]: could not resolve authenticator <class 'accounts.authentication.JWTAuthentication'>. There was no OpenApiAuthenticationExtension registered for that class. Try creating one by subclassing it. Ignoring for now.
/home/snofy/project_matier/PM-A-backend/project/views.py: Error [ProjectMembersView]: unable to guess serializer. This is graceful fallback handling for APIViews. Consider using GenericAPIView as view base class, if view is under your control. Either way you may want to add a serializer_class (or method). Ignoring view for now.
/home/snofy/project_matier/PM-A-backend/project/views.py: Warning [ProjectMembersView]: could not resolve authenticator <class 'accounts.authentication.JWTAuthentication'>. There was no OpenApiAuthenticationExtension registered for that class. Try creating one by subclassing it. Ignoring for now.
/home/snofy/project_matier/PM-A-backend/project/views.py: Error [MemberProgressReportView]: unable to guess serializer. This is graceful fallback handling for APIViews. Consider using GenericAPIView as view base class, if view is under your control. Either way you may want to add a serializer_class (or method). Ignoring view for now.
/home/snofy/project_matier/PM-A-backend/project/views.py: Warning [MemberProgressReportView]: could not resolve authenticator <class 'accounts.authentication.JWTAuthentication'>. There was no OpenApiAuthenticationExtension registered for that class. Try creating one by subclassing it. Ignoring for now.
/home/snofy/project_matier/PM-A-backend/tickets/views.py: Error [ReleaseListCreateView]: unable to guess serializer. This is graceful fallback handling for APIViews. Consider using GenericAPIView as view base class, if view is under your control. Either way you may want to add a serializer_class (or method). Ignoring view for now.
/home/snofy/project_matier/PM-A-backend/tickets/views.py: Warning [ReleaseListCreateView]: could not resolve authenticator <class 'accounts.authentication.JWTAuthentication'>. There was no OpenApiAuthenticationExtension registered for that class. Try creating one by subclassing it. Ignoring for now.
/home/snofy/project_matier/PM-A-backend/tickets/views.py: Error [ReleaseDetailView]: unable to guess serializer. This is graceful fallback handling for APIViews. Consider using GenericAPIView as view base class, if view is under your control. Either way you may want to add a serializer_class (or method). Ignoring view for now.
/home/snofy/project_matier/PM-A-backend/tickets/views.py: Warning [ReleaseDetailView]: could not resolve authenticator <class 'accounts.authentication.JWTAuthentication'>. There was no OpenApiAuthenticationExtension registered for that class. Try creating one by subclassing it. Ignoring for now.
/home/snofy/project_matier/PM-A-backend/tickets/views.py: Error [ReleaseCloseView]: unable to guess serializer. This is graceful fallback handling for APIViews. Consider using GenericAPIView as view base class, if view is under your control. Either way you may want to add a serializer_class (or method). Ignoring view for now.
/home/snofy/project_matier/PM-A-backend/tickets/views.py: Warning [ReleaseCloseView]: could not resolve authenticator <class 'accounts.authentication.JWTAuthentication'>. There was no OpenApiAuthenticationExtension registered for that class. Try creating one by subclassing it. Ignoring for now.
/home/snofy/project_matier/PM-A-backend/tickets/views.py: Error [ReleaseDashboardView]: unable to guess serializer. This is graceful fallback handling for APIViews. Consider using GenericAPIView as view base class, if view is under your control. Either way you may want to add a serializer_class (or method). Ignoring view for now.
/home/snofy/project_matier/PM-A-backend/tickets/views.py: Warning [ReleaseDashboardView]: could not resolve authenticator <class 'accounts.authentication.JWTAuthentication'>. There was no OpenApiAuthenticationExtension registered for that class. Try creating one by subclassing it. Ignoring for now.
/home/snofy/project_matier/PM-A-backend/tickets/views.py: Error [ReleaseIssuesSummaryView]: unable to guess serializer. This is graceful fallback handling for APIViews. Consider using GenericAPIView as view base class, if view is under your control. Either way you may want to add a serializer_class (or method). Ignoring view for now.
/home/snofy/project_matier/PM-A-backend/tickets/views.py: Warning [ReleaseIssuesSummaryView]: could not resolve authenticator <class 'accounts.authentication.JWTAuthentication'>. There was no OpenApiAuthenticationExtension registered for that class. Try creating one by subclassing it. Ignoring for now.
/home/snofy/project_matier/PM-A-backend/project/views.py: Error [ProjectProgressReportView]: unable to guess serializer. This is graceful fallback handling for APIViews. Consider using GenericAPIView as view base class, if view is under your control. Either way you may want to add a serializer_class (or method). Ignoring view for now.
/home/snofy/project_matier/PM-A-backend/project/views.py: Warning [ProjectProgressReportView]: could not resolve authenticator <class 'accounts.authentication.JWTAuthentication'>. There was no OpenApiAuthenticationExtension registered for that class. Try creating one by subclassing it. Ignoring for now.
/home/snofy/project_matier/PM-A-backend/role/views.py: Error [RoleListCreateView]: unable to guess serializer. This is graceful fallback handling for APIViews. Consider using GenericAPIView as view base class, if view is under your control. Either way you may want to add a serializer_class (or method). Ignoring view for now.
/home/snofy/project_matier/PM-A-backend/role/views.py: Warning [RoleListCreateView]: could not resolve authenticator <class 'accounts.authentication.JWTAuthentication'>. There was no OpenApiAuthenticationExtension registered for that class. Try creating one by subclassing it. Ignoring for now.
/home/snofy/project_matier/PM-A-backend/role/views.py: Error [RoleDetailView]: unable to guess serializer. This is graceful fallback handling for APIViews. Consider using GenericAPIView as view base class, if view is under your control. Either way you may want to add a serializer_class (or method). Ignoring view for now.
/home/snofy/project_matier/PM-A-backend/role/views.py: Warning [RoleDetailView]: could not resolve authenticator <class 'accounts.authentication.JWTAuthentication'>. There was no OpenApiAuthenticationExtension registered for that class. Try creating one by subclassing it. Ignoring for now.
/home/snofy/project_matier/PM-A-backend/project/views.py: Error [SprintListCreateView]: unable to guess serializer. This is graceful fallback handling for APIViews. Consider using GenericAPIView as view base class, if view is under your control. Either way you may want to add a serializer_class (or method). Ignoring view for now.
/home/snofy/project_matier/PM-A-backend/project/views.py: Warning [SprintListCreateView]: could not resolve authenticator <class 'accounts.authentication.JWTAuthentication'>. There was no OpenApiAuthenticationExtension registered for that class. Try creating one by subclassing it. Ignoring for now.
/home/snofy/project_matier/PM-A-backend/project/views.py: Error [SprintDetailView]: unable to guess serializer. This is graceful fallback handling for APIViews. Consider using GenericAPIView as view base class, if view is under your control. Either way you may want to add a serializer_class (or method). Ignoring view for now.
/home/snofy/project_matier/PM-A-backend/project/views.py: Warning [SprintDetailView]: could not resolve authenticator <class 'accounts.authentication.JWTAuthentication'>. There was no OpenApiAuthenticationExtension registered for that class. Try creating one by subclassing it. Ignoring for now.
/home/snofy/project_matier/PM-A-backend/project/views.py: Error [SprintCompleteView]: unable to guess serializer. This is graceful fallback handling for APIViews. Consider using GenericAPIView as view base class, if view is under your control. Either way you may want to add a serializer_class (or method). Ignoring view for now.
/home/snofy/project_matier/PM-A-backend/project/views.py: Warning [SprintCompleteView]: could not resolve authenticator <class 'accounts.authentication.JWTAuthentication'>. There was no OpenApiAuthenticationExtension registered for that class. Try creating one by subclassing it. Ignoring for now.
/home/snofy/project_matier/PM-A-backend/project/views.py: Error [SprintReportView]: unable to guess serializer. This is graceful fallback handling for APIViews. Consider using GenericAPIView as view base class, if view is under your control. Either way you may want to add a serializer_class (or method). Ignoring view for now.
/home/snofy/project_matier/PM-A-backend/project/views.py: Warning [SprintReportView]: could not resolve authenticator <class 'accounts.authentication.JWTAuthentication'>. There was no OpenApiAuthenticationExtension registered for that class. Try creating one by subclassing it. Ignoring for now.
/home/snofy/project_matier/PM-A-backend/project/views.py: Error [SprintProgressReportView]: unable to guess serializer. This is graceful fallback handling for APIViews. Consider using GenericAPIView as view base class, if view is under your control. Either way you may want to add a serializer_class (or method). Ignoring view for now.
/home/snofy/project_matier/PM-A-backend/project/views.py: Warning [SprintProgressReportView]: could not resolve authenticator <class 'accounts.authentication.JWTAuthentication'>. There was no OpenApiAuthenticationExtension registered for that class. Try creating one by subclassing it. Ignoring for now.
/home/snofy/project_matier/PM-A-backend/project/views.py: Error [SprintStartView]: unable to guess serializer. This is graceful fallback handling for APIViews. Consider using GenericAPIView as view base class, if view is under your control. Either way you may want to add a serializer_class (or method). Ignoring view for now.
/home/snofy/project_matier/PM-A-backend/project/views.py: Warning [SprintStartView]: could not resolve authenticator <class 'accounts.authentication.JWTAuthentication'>. There was no OpenApiAuthenticationExtension registered for that class. Try creating one by subclassing it. Ignoring for now.
/home/snofy/project_matier/PM-A-backend/tickets/views.py: Error [ProjectTicketListCreateView]: unable to guess serializer. This is graceful fallback handling for APIViews. Consider using GenericAPIView as view base class, if view is under your control. Either way you may want to add a serializer_class (or method). Ignoring view for now.
/home/snofy/project_matier/PM-A-backend/tickets/views.py: Warning [ProjectTicketListCreateView]: could not resolve authenticator <class 'accounts.authentication.JWTAuthentication'>. There was no OpenApiAuthenticationExtension registered for that class. Try creating one by subclassing it. Ignoring for now.
/home/snofy/project_matier/PM-A-backend/tickets/views.py: Error [TicketDetailView]: unable to guess serializer. This is graceful fallback handling for APIViews. Consider using GenericAPIView as view base class, if view is under your control. Either way you may want to add a serializer_class (or method). Ignoring view for now.
/home/snofy/project_matier/PM-A-backend/tickets/views.py: Warning [TicketDetailView]: could not resolve authenticator <class 'accounts.authentication.JWTAuthentication'>. There was no OpenApiAuthenticationExtension registered for that class. Try creating one by subclassing it. Ignoring for now.
/home/snofy/project_matier/PM-A-backend/tickets/views.py: Error [TicketAssigneeListCreateView]: unable to guess serializer. This is graceful fallback handling for APIViews. Consider using GenericAPIView as view base class, if view is under your control. Either way you may want to add a serializer_class (or method). Ignoring view for now.
/home/snofy/project_matier/PM-A-backend/tickets/views.py: Warning [TicketAssigneeListCreateView]: could not resolve authenticator <class 'accounts.authentication.JWTAuthentication'>. There was no OpenApiAuthenticationExtension registered for that class. Try creating one by subclassing it. Ignoring for now.
/home/snofy/project_matier/PM-A-backend/tickets/views.py: Error [TicketAssigneeDeleteView]: unable to guess serializer. This is graceful fallback handling for APIViews. Consider using GenericAPIView as view base class, if view is under your control. Either way you may want to add a serializer_class (or method). Ignoring view for now.
/home/snofy/project_matier/PM-A-backend/tickets/views.py: Warning [TicketAssigneeDeleteView]: could not resolve authenticator <class 'accounts.authentication.JWTAuthentication'>. There was no OpenApiAuthenticationExtension registered for that class. Try creating one by subclassing it. Ignoring for now.
/home/snofy/project_matier/PM-A-backend/tickets/views.py: Error [TicketAttachmentListCreateView]: unable to guess serializer. This is graceful fallback handling for APIViews. Consider using GenericAPIView as view base class, if view is under your control. Either way you may want to add a serializer_class (or method). Ignoring view for now.
/home/snofy/project_matier/PM-A-backend/tickets/views.py: Warning [TicketAttachmentListCreateView]: could not resolve authenticator <class 'accounts.authentication.JWTAuthentication'>. There was no OpenApiAuthenticationExtension registered for that class. Try creating one by subclassing it. Ignoring for now.
/home/snofy/project_matier/PM-A-backend/tickets/views.py: Error [TicketAttachmentDeleteView]: unable to guess serializer. This is graceful fallback handling for APIViews. Consider using GenericAPIView as view base class, if view is under your control. Either way you may want to add a serializer_class (or method). Ignoring view for now.
/home/snofy/project_matier/PM-A-backend/tickets/views.py: Warning [TicketAttachmentDeleteView]: could not resolve authenticator <class 'accounts.authentication.JWTAuthentication'>. There was no OpenApiAuthenticationExtension registered for that class. Try creating one by subclassing it. Ignoring for now.
/home/snofy/project_matier/PM-A-backend/collaboration/views.py: Error [CommentListCreateView]: unable to guess serializer. This is graceful fallback handling for APIViews. Consider using GenericAPIView as view base class, if view is under your control. Either way you may want to add a serializer_class (or method). Ignoring view for now.
/home/snofy/project_matier/PM-A-backend/collaboration/views.py: Warning [CommentListCreateView]: could not resolve authenticator <class 'accounts.authentication.JWTAuthentication'>. There was no OpenApiAuthenticationExtension registered for that class. Try creating one by subclassing it. Ignoring for now.
/home/snofy/project_matier/PM-A-backend/collaboration/views.py: Error [CommentDetailView]: unable to guess serializer. This is graceful fallback handling for APIViews. Consider using GenericAPIView as view base class, if view is under your control. Either way you may want to add a serializer_class (or method). Ignoring view for now.
/home/snofy/project_matier/PM-A-backend/collaboration/views.py: Warning [CommentDetailView]: could not resolve authenticator <class 'accounts.authentication.JWTAuthentication'>. There was no OpenApiAuthenticationExtension registered for that class. Try creating one by subclassing it. Ignoring for now.
/home/snofy/project_matier/PM-A-backend/collaboration/views.py: Error [ReactionListCreateView]: unable to guess serializer. This is graceful fallback handling for APIViews. Consider using GenericAPIView as view base class, if view is under your control. Either way you may want to add a serializer_class (or method). Ignoring view for now.
/home/snofy/project_matier/PM-A-backend/collaboration/views.py: Warning [ReactionListCreateView]: could not resolve authenticator <class 'accounts.authentication.JWTAuthentication'>. There was no OpenApiAuthenticationExtension registered for that class. Try creating one by subclassing it. Ignoring for now.
/home/snofy/project_matier/PM-A-backend/collaboration/views.py: Error [ReactionDeleteView]: unable to guess serializer. This is graceful fallback handling for APIViews. Consider using GenericAPIView as view base class, if view is under your control. Either way you may want to add a serializer_class (or method). Ignoring view for now.
/home/snofy/project_matier/PM-A-backend/collaboration/views.py: Warning [ReactionDeleteView]: could not resolve authenticator <class 'accounts.authentication.JWTAuthentication'>. There was no OpenApiAuthenticationExtension registered for that class. Try creating one by subclassing it. Ignoring for now.
/home/snofy/project_matier/PM-A-backend/tickets/views.py: Error [TicketLabelsView]: unable to guess serializer. This is graceful fallback handling for APIViews. Consider using GenericAPIView as view base class, if view is under your control. Either way you may want to add a serializer_class (or method). Ignoring view for now.
/home/snofy/project_matier/PM-A-backend/tickets/views.py: Warning [TicketLabelsView]: could not resolve authenticator <class 'accounts.authentication.JWTAuthentication'>. There was no OpenApiAuthenticationExtension registered for that class. Try creating one by subclassing it. Ignoring for now.
/home/snofy/project_matier/PM-A-backend/tickets/views.py: Error [TicketLinkListCreateView]: unable to guess serializer. This is graceful fallback handling for APIViews. Consider using GenericAPIView as view base class, if view is under your control. Either way you may want to add a serializer_class (or method). Ignoring view for now.
/home/snofy/project_matier/PM-A-backend/tickets/views.py: Warning [TicketLinkListCreateView]: could not resolve authenticator <class 'accounts.authentication.JWTAuthentication'>. There was no OpenApiAuthenticationExtension registered for that class. Try creating one by subclassing it. Ignoring for now.
/home/snofy/project_matier/PM-A-backend/tickets/views.py: Error [TicketLinkDeleteView]: unable to guess serializer. This is graceful fallback handling for APIViews. Consider using GenericAPIView as view base class, if view is under your control. Either way you may want to add a serializer_class (or method). Ignoring view for now.
/home/snofy/project_matier/PM-A-backend/tickets/views.py: Warning [TicketLinkDeleteView]: could not resolve authenticator <class 'accounts.authentication.JWTAuthentication'>. There was no OpenApiAuthenticationExtension registered for that class. Try creating one by subclassing it. Ignoring for now.
/home/snofy/project_matier/PM-A-backend/tickets/views.py: Error [TicketStatusView]: unable to guess serializer. This is graceful fallback handling for APIViews. Consider using GenericAPIView as view base class, if view is under your control. Either way you may want to add a serializer_class (or method). Ignoring view for now.
/home/snofy/project_matier/PM-A-backend/tickets/views.py: Warning [TicketStatusView]: could not resolve authenticator <class 'accounts.authentication.JWTAuthentication'>. There was no OpenApiAuthenticationExtension registered for that class. Try creating one by subclassing it. Ignoring for now.
/home/snofy/project_matier/PM-A-backend/tickets/views.py: Error [TicketTimeEntryListCreateView]: unable to guess serializer. This is graceful fallback handling for APIViews. Consider using GenericAPIView as view base class, if view is under your control. Either way you may want to add a serializer_class (or method). Ignoring view for now.
/home/snofy/project_matier/PM-A-backend/tickets/views.py: Warning [TicketTimeEntryListCreateView]: could not resolve authenticator <class 'accounts.authentication.JWTAuthentication'>. There was no OpenApiAuthenticationExtension registered for that class. Try creating one by subclassing it. Ignoring for now.
/home/snofy/project_matier/PM-A-backend/.venv/lib/python3.12/site-packages/drf_spectacular/views.py: Warning [SpectacularAPIView]: could not resolve authenticator <class 'accounts.authentication.JWTAuthentication'>. There was no OpenApiAuthenticationExtension registered for that class. Try creating one by subclassing it. Ignoring for now.
/home/snofy/project_matier/PM-A-backend/tickets/views.py: Error [GlobalTicketListView]: unable to guess serializer. This is graceful fallback handling for APIViews. Consider using GenericAPIView as view base class, if view is under your control. Either way you may want to add a serializer_class (or method). Ignoring view for now.
/home/snofy/project_matier/PM-A-backend/tickets/views.py: Warning [GlobalTicketListView]: could not resolve authenticator <class 'accounts.authentication.JWTAuthentication'>. There was no OpenApiAuthenticationExtension registered for that class. Try creating one by subclassing it. Ignoring for now.
/home/snofy/project_matier/PM-A-backend/project/views.py: Error [UserListView]: unable to guess serializer. This is graceful fallback handling for APIViews. Consider using GenericAPIView as view base class, if view is under your control. Either way you may want to add a serializer_class (or method). Ignoring view for now.
/home/snofy/project_matier/PM-A-backend/project/views.py: Warning [UserListView]: could not resolve authenticator <class 'accounts.authentication.JWTAuthentication'>. There was no OpenApiAuthenticationExtension registered for that class. Try creating one by subclassing it. Ignoring for now.
/home/snofy/project_matier/PM-A-backend/project/views.py: Error [UserDetailView]: unable to guess serializer. This is graceful fallback handling for APIViews. Consider using GenericAPIView as view base class, if view is under your control. Either way you may want to add a serializer_class (or method). Ignoring view for now.
/home/snofy/project_matier/PM-A-backend/project/views.py: Warning [UserDetailView]: could not resolve authenticator <class 'accounts.authentication.JWTAuthentication'>. There was no OpenApiAuthenticationExtension registered for that class. Try creating one by subclassing it. Ignoring for now.
/home/snofy/project_matier/PM-A-backend/project/views.py: Error [CurrentUserProfileView]: unable to guess serializer. This is graceful fallback handling for APIViews. Consider using GenericAPIView as view base class, if view is under your control. Either way you may want to add a serializer_class (or method). Ignoring view for now.
/home/snofy/project_matier/PM-A-backend/project/views.py: Warning [CurrentUserProfileView]: could not resolve authenticator <class 'accounts.authentication.JWTAuthentication'>. There was no OpenApiAuthenticationExtension registered for that class. Try creating one by subclassing it. Ignoring for now.
Warning: operationId "projects_retrieve" has collisions [('/api/projects/', 'get'), ('/api/projects/{project_id}/', 'get')]. resolving with numeral suffixes.
Warning: operationId "projects_documents_retrieve" has collisions [('/api/projects/{project_id}/documents/', 'get'), ('/api/projects/{project_id}/documents/{document_id}/', 'get')]. resolving with numeral suffixes.
Warning: operationId "projects_releases_retrieve" has collisions [('/api/projects/{project_id}/releases/', 'get'), ('/api/projects/{project_id}/releases/{release_id}/', 'get')]. resolving with numeral suffixes.
Warning: operationId "projects_sprints_retrieve" has collisions [('/api/projects/{project_id}/sprints/', 'get'), ('/api/projects/{project_id}/sprints/{sprint_id}/', 'get')]. resolving with numeral suffixes.
Warning: operationId "projects_tickets_retrieve" has collisions [('/api/projects/{project_id}/tickets/', 'get'), ('/api/projects/{project_id}/tickets/{ticket_id}/', 'get')]. resolving with numeral suffixes.
Warning: operationId "users_retrieve" has collisions [('/api/users/', 'get'), ('/api/users/{user_id}/', 'get')]. resolving with numeral suffixes.
[04/May/2026 12:13:10] "GET /api/schema/ HTTP/1.1" 200 168893
/home/snofy/project_matier/PM-A-backend/project/models.py changed, reloading.
Performing system checks...

System check identified no issues (0 silenced).
May 04, 2026 - 11:54:40
Django version 6.0.4, using settings 'config.settings'
Starting development server at http://0.0.0.0:8000/
Quit the server with CONTROL-C.

WARNING: This is a development server. Do not use it in a production setting. Use a production WSGI or ASGI server instead.
For more information on production servers see: https://docs.djangoproject.com/en/6.0/howto/deployment/
Watching for file changes with StatReloader
/home/snofy/project_matier/PM-A-backend/project/serializer.py changed, reloading.
Performing system checks...

System check identified no issues (0 silenced).
May 04, 2026 - 12:37:59
Django version 6.0.4, using settings 'config.settings'
Starting development server at http://0.0.0.0:8000/
Quit the server with CONTROL-C.

WARNING: This is a development server. Do not use it in a production setting. Use a production WSGI or ASGI server instead.
For more information on production servers see: https://docs.djangoproject.com/en/6.0/howto/deployment/
Watching for file changes with StatReloader
/home/snofy/project_matier/PM-A-backend/project/views.py changed, reloading.
Performing system checks...

System check identified no issues (0 silenced).
May 04, 2026 - 12:42:39
Django version 6.0.4, using settings 'config.settings'
Starting development server at http://0.0.0.0:8000/
Quit the server with CONTROL-C.

WARNING: This is a development server. Do not use it in a production setting. Use a production WSGI or ASGI server instead.
For more information on production servers see: https://docs.djangoproject.com/en/6.0/howto/deployment/
Watching for file changes with StatReloader
/home/snofy/project_matier/PM-A-backend/project/views.py changed, reloading.
Performing system checks...

System check identified no issues (0 silenced).
May 04, 2026 - 12:42:47
Django version 6.0.4, using settings 'config.settings'
Starting development server at http://0.0.0.0:8000/
Quit the server with CONTROL-C.

WARNING: This is a development server. Do not use it in a production setting. Use a production WSGI or ASGI server instead.
For more information on production servers see: https://docs.djangoproject.com/en/6.0/howto/deployment/
Watching for file changes with StatReloader
/home/snofy/project_matier/PM-A-backend/project/urls.py changed, reloading.
Performing system checks...

System check identified no issues (0 silenced).
May 04, 2026 - 12:43:01
Django version 6.0.4, using settings 'config.settings'
Starting development server at http://0.0.0.0:8000/
Quit the server with CONTROL-C.

WARNING: This is a development server. Do not use it in a production setting. Use a production WSGI or ASGI server instead.
For more information on production servers see: https://docs.djangoproject.com/en/6.0/howto/deployment/
Watching for file changes with StatReloader
[04/May/2026 12:54:57] "POST /api/auth/register/ HTTP/1.1" 201 78
[04/May/2026 12:54:58] "POST /api/auth/login/ HTTP/1.1" 200 581
[04/May/2026 12:54:58] "POST /api/orgs/organizations/ HTTP/1.1" 201 127
[04/May/2026 12:54:58] "POST /api/orgs/workspaces/ HTTP/1.1" 201 164
[04/May/2026 12:54:58] "POST /api/projects/ HTTP/1.1" 201 548
[04/May/2026 12:54:58] "POST /api/projects/e62d8410-e9f4-4a19-92b4-0f4ec7dbdaf2/files/ HTTP/1.1" 201 314
[04/May/2026 12:54:58] "GET /api/projects/e62d8410-e9f4-4a19-92b4-0f4ec7dbdaf2/files/ HTTP/1.1" 200 316
[04/May/2026 12:54:58] "GET /api/projects/e62d8410-e9f4-4a19-92b4-0f4ec7dbdaf2/files/4e57671e-f80b-4b2d-81cb-3eb2625ea177/ HTTP/1.1" 200 314
[04/May/2026 12:54:58] "DELETE /api/projects/e62d8410-e9f4-4a19-92b4-0f4ec7dbdaf2/files/4e57671e-f80b-4b2d-81cb-3eb2625ea177/ HTTP/1.1" 204 0
Bad Request: /api/auth/oauth/login/
[04/May/2026 13:05:54] "POST /api/auth/oauth/login/ HTTP/1.1" 400 75
Bad Request: /api/auth/oauth/login/
[04/May/2026 13:11:25] "POST /api/auth/oauth/login/ HTTP/1.1" 400 75
/home/snofy/project_matier/PM-A-backend/core/urls.py changed, reloading.
Performing system checks...

System check identified no issues (0 silenced).
May 04, 2026 - 12:43:07
Django version 6.0.4, using settings 'config.settings'
Starting development server at http://0.0.0.0:8000/
Quit the server with CONTROL-C.

WARNING: This is a development server. Do not use it in a production setting. Use a production WSGI or ASGI server instead.
For more information on production servers see: https://docs.djangoproject.com/en/6.0/howto/deployment/
Watching for file changes with StatReloader
/home/snofy/project_matier/PM-A-backend/core/views.py changed, reloading.
Performing system checks...

System check identified no issues (0 silenced).
May 04, 2026 - 13:13:54
Django version 6.0.4, using settings 'config.settings'
Starting development server at http://0.0.0.0:8000/
Quit the server with CONTROL-C.

WARNING: This is a development server. Do not use it in a production setting. Use a production WSGI or ASGI server instead.
For more information on production servers see: https://docs.djangoproject.com/en/6.0/howto/deployment/
Watching for file changes with StatReloader
/home/snofy/project_matier/PM-A-backend/core/models.py changed, reloading.
Performing system checks...

System check identified no issues (0 silenced).
May 04, 2026 - 13:13:59
Django version 6.0.4, using settings 'config.settings'
Starting development server at http://0.0.0.0:8000/
Quit the server with CONTROL-C.

WARNING: This is a development server. Do not use it in a production setting. Use a production WSGI or ASGI server instead.
For more information on production servers see: https://docs.djangoproject.com/en/6.0/howto/deployment/
Watching for file changes with StatReloader
Exception in thread django-main-thread:
Traceback (most recent call last):
  File "/usr/lib/python3.12/threading.py", line 1073, in _bootstrap_inner
    self.run()
  File "/usr/lib/python3.12/threading.py", line 1010, in run
    self._target(*self._args, **self._kwargs)
  File "/home/snofy/project_matier/PM-A-backend/.venv/lib/python3.12/site-packages/django/utils/autoreload.py", line 64, in wrapper
    fn(*args, **kwargs)
  File "/home/snofy/project_matier/PM-A-backend/.venv/lib/python3.12/site-packages/django/core/management/commands/runserver.py", line 134, in inner_run
    self.check(**check_kwargs)
  File "/home/snofy/project_matier/PM-A-backend/.venv/lib/python3.12/site-packages/django/core/management/base.py", line 496, in check
    all_issues = checks.run_checks(
                 ^^^^^^^^^^^^^^^^^^
  File "/home/snofy/project_matier/PM-A-backend/.venv/lib/python3.12/site-packages/django/core/checks/registry.py", line 89, in run_checks
    new_errors = check(app_configs=app_configs, databases=databases)
                 ^^^^^^^^^^^^^^^^^^^^^^^^^^^^^^^^^^^^^^^^^^^^^^^^^^^
  File "/home/snofy/project_matier/PM-A-backend/.venv/lib/python3.12/site-packages/django/core/checks/urls.py", line 44, in check_url_namespaces_unique
    all_namespaces = _load_all_namespaces(resolver)
                     ^^^^^^^^^^^^^^^^^^^^^^^^^^^^^^
  File "/home/snofy/project_matier/PM-A-backend/.venv/lib/python3.12/site-packages/django/core/checks/urls.py", line 63, in _load_all_namespaces
    url_patterns = getattr(resolver, "url_patterns", [])
                   ^^^^^^^^^^^^^^^^^^^^^^^^^^^^^^^^^^^^^
  File "/home/snofy/project_matier/PM-A-backend/.venv/lib/python3.12/site-packages/django/utils/functional.py", line 47, in __get__
    res = instance.__dict__[self.name] = self.func(instance)
                                         ^^^^^^^^^^^^^^^^^^^
  File "/home/snofy/project_matier/PM-A-backend/.venv/lib/python3.12/site-packages/django/urls/resolvers.py", line 729, in url_patterns
    patterns = getattr(self.urlconf_module, "urlpatterns", self.urlconf_module)
                       ^^^^^^^^^^^^^^^^^^^
  File "/home/snofy/project_matier/PM-A-backend/.venv/lib/python3.12/site-packages/django/utils/functional.py", line 47, in __get__
    res = instance.__dict__[self.name] = self.func(instance)
                                         ^^^^^^^^^^^^^^^^^^^
  File "/home/snofy/project_matier/PM-A-backend/.venv/lib/python3.12/site-packages/django/urls/resolvers.py", line 722, in urlconf_module
    return import_module(self.urlconf_name)
           ^^^^^^^^^^^^^^^^^^^^^^^^^^^^^^^^
  File "/usr/lib/python3.12/importlib/__init__.py", line 90, in import_module
    return _bootstrap._gcd_import(name[level:], package, level)
           ^^^^^^^^^^^^^^^^^^^^^^^^^^^^^^^^^^^^^^^^^^^^^^^^^^^^
  File "<frozen importlib._bootstrap>", line 1387, in _gcd_import
  File "<frozen importlib._bootstrap>", line 1360, in _find_and_load
  File "<frozen importlib._bootstrap>", line 1331, in _find_and_load_unlocked
  File "<frozen importlib._bootstrap>", line 935, in _load_unlocked
  File "<frozen importlib._bootstrap_external>", line 995, in exec_module
  File "<frozen importlib._bootstrap>", line 488, in _call_with_frames_removed
  File "/home/snofy/project_matier/PM-A-backend/config/urls.py", line 43, in <module>
    path('api/core/', include('core.urls')),
                      ^^^^^^^^^^^^^^^^^^^^
  File "/home/snofy/project_matier/PM-A-backend/.venv/lib/python3.12/site-packages/django/urls/conf.py", line 39, in include
    urlconf_module = import_module(urlconf_module)
                     ^^^^^^^^^^^^^^^^^^^^^^^^^^^^^
  File "/usr/lib/python3.12/importlib/__init__.py", line 90, in import_module
    return _bootstrap._gcd_import(name[level:], package, level)
           ^^^^^^^^^^^^^^^^^^^^^^^^^^^^^^^^^^^^^^^^^^^^^^^^^^^^
  File "<frozen importlib._bootstrap>", line 1387, in _gcd_import
  File "<frozen importlib._bootstrap>", line 1360, in _find_and_load
  File "<frozen importlib._bootstrap>", line 1331, in _find_and_load_unlocked
  File "<frozen importlib._bootstrap>", line 935, in _load_unlocked
  File "<frozen importlib._bootstrap_external>", line 995, in exec_module
  File "<frozen importlib._bootstrap>", line 488, in _call_with_frames_removed
  File "/home/snofy/project_matier/PM-A-backend/core/urls.py", line 3, in <module>
    from core.views import NotificationListView, MarkNotificationReadView, MarkAllNotificationsReadView
  File "/home/snofy/project_matier/PM-A-backend/core/views.py", line 6, in <module>
    from .models import Space, NotificationEvent
ImportError: cannot import name 'Space' from 'core.models' (/home/snofy/project_matier/PM-A-backend/core/models.py)
/home/snofy/project_matier/PM-A-backend/collaboration/models.py changed, reloading.
Performing system checks...

Watching for file changes with StatReloader
Exception in thread django-main-thread:
Traceback (most recent call last):
  File "/usr/lib/python3.12/threading.py", line 1073, in _bootstrap_inner
    self.run()
  File "/usr/lib/python3.12/threading.py", line 1010, in run
    self._target(*self._args, **self._kwargs)
  File "/home/snofy/project_matier/PM-A-backend/.venv/lib/python3.12/site-packages/django/utils/autoreload.py", line 64, in wrapper
    fn(*args, **kwargs)
  File "/home/snofy/project_matier/PM-A-backend/.venv/lib/python3.12/site-packages/django/core/management/commands/runserver.py", line 134, in inner_run
    self.check(**check_kwargs)
  File "/home/snofy/project_matier/PM-A-backend/.venv/lib/python3.12/site-packages/django/core/management/base.py", line 496, in check
    all_issues = checks.run_checks(
                 ^^^^^^^^^^^^^^^^^^
  File "/home/snofy/project_matier/PM-A-backend/.venv/lib/python3.12/site-packages/django/core/checks/registry.py", line 89, in run_checks
    new_errors = check(app_configs=app_configs, databases=databases)
                 ^^^^^^^^^^^^^^^^^^^^^^^^^^^^^^^^^^^^^^^^^^^^^^^^^^^
  File "/home/snofy/project_matier/PM-A-backend/.venv/lib/python3.12/site-packages/django/core/checks/urls.py", line 44, in check_url_namespaces_unique
    all_namespaces = _load_all_namespaces(resolver)
                     ^^^^^^^^^^^^^^^^^^^^^^^^^^^^^^
  File "/home/snofy/project_matier/PM-A-backend/.venv/lib/python3.12/site-packages/django/core/checks/urls.py", line 63, in _load_all_namespaces
    url_patterns = getattr(resolver, "url_patterns", [])
                   ^^^^^^^^^^^^^^^^^^^^^^^^^^^^^^^^^^^^^
  File "/home/snofy/project_matier/PM-A-backend/.venv/lib/python3.12/site-packages/django/utils/functional.py", line 47, in __get__
    res = instance.__dict__[self.name] = self.func(instance)
                                         ^^^^^^^^^^^^^^^^^^^
  File "/home/snofy/project_matier/PM-A-backend/.venv/lib/python3.12/site-packages/django/urls/resolvers.py", line 729, in url_patterns
    patterns = getattr(self.urlconf_module, "urlpatterns", self.urlconf_module)
                       ^^^^^^^^^^^^^^^^^^^
  File "/home/snofy/project_matier/PM-A-backend/.venv/lib/python3.12/site-packages/django/utils/functional.py", line 47, in __get__
    res = instance.__dict__[self.name] = self.func(instance)
                                         ^^^^^^^^^^^^^^^^^^^
  File "/home/snofy/project_matier/PM-A-backend/.venv/lib/python3.12/site-packages/django/urls/resolvers.py", line 722, in urlconf_module
    return import_module(self.urlconf_name)
           ^^^^^^^^^^^^^^^^^^^^^^^^^^^^^^^^
  File "/usr/lib/python3.12/importlib/__init__.py", line 90, in import_module
    return _bootstrap._gcd_import(name[level:], package, level)
           ^^^^^^^^^^^^^^^^^^^^^^^^^^^^^^^^^^^^^^^^^^^^^^^^^^^^
  File "<frozen importlib._bootstrap>", line 1387, in _gcd_import
  File "<frozen importlib._bootstrap>", line 1360, in _find_and_load
  File "<frozen importlib._bootstrap>", line 1331, in _find_and_load_unlocked
  File "<frozen importlib._bootstrap>", line 935, in _load_unlocked
  File "<frozen importlib._bootstrap_external>", line 995, in exec_module
  File "<frozen importlib._bootstrap>", line 488, in _call_with_frames_removed
  File "/home/snofy/project_matier/PM-A-backend/config/urls.py", line 43, in <module>
    path('api/core/', include('core.urls')),
                      ^^^^^^^^^^^^^^^^^^^^
  File "/home/snofy/project_matier/PM-A-backend/.venv/lib/python3.12/site-packages/django/urls/conf.py", line 39, in include
    urlconf_module = import_module(urlconf_module)
                     ^^^^^^^^^^^^^^^^^^^^^^^^^^^^^
  File "/usr/lib/python3.12/importlib/__init__.py", line 90, in import_module
    return _bootstrap._gcd_import(name[level:], package, level)
           ^^^^^^^^^^^^^^^^^^^^^^^^^^^^^^^^^^^^^^^^^^^^^^^^^^^^
  File "<frozen importlib._bootstrap>", line 1387, in _gcd_import
  File "<frozen importlib._bootstrap>", line 1360, in _find_and_load
  File "<frozen importlib._bootstrap>", line 1331, in _find_and_load_unlocked
  File "<frozen importlib._bootstrap>", line 935, in _load_unlocked
  File "<frozen importlib._bootstrap_external>", line 995, in exec_module
  File "<frozen importlib._bootstrap>", line 488, in _call_with_frames_removed
  File "/home/snofy/project_matier/PM-A-backend/core/urls.py", line 3, in <module>
    from core.views import NotificationListView, MarkNotificationReadView, MarkAllNotificationsReadView
  File "/home/snofy/project_matier/PM-A-backend/core/views.py", line 6, in <module>
    from .models import Space, NotificationEvent
ImportError: cannot import name 'Space' from 'core.models' (/home/snofy/project_matier/PM-A-backend/core/models.py)
/home/snofy/project_matier/PM-A-backend/collaboration/models.py changed, reloading.
Performing system checks...

Watching for file changes with StatReloader
Exception in thread django-main-thread:
Traceback (most recent call last):
  File "/usr/lib/python3.12/threading.py", line 1073, in _bootstrap_inner
    self.run()
  File "/usr/lib/python3.12/threading.py", line 1010, in run
    self._target(*self._args, **self._kwargs)
  File "/home/snofy/project_matier/PM-A-backend/.venv/lib/python3.12/site-packages/django/utils/autoreload.py", line 64, in wrapper
    fn(*args, **kwargs)
  File "/home/snofy/project_matier/PM-A-backend/.venv/lib/python3.12/site-packages/django/core/management/commands/runserver.py", line 134, in inner_run
    self.check(**check_kwargs)
  File "/home/snofy/project_matier/PM-A-backend/.venv/lib/python3.12/site-packages/django/core/management/base.py", line 496, in check
    all_issues = checks.run_checks(
                 ^^^^^^^^^^^^^^^^^^
  File "/home/snofy/project_matier/PM-A-backend/.venv/lib/python3.12/site-packages/django/core/checks/registry.py", line 89, in run_checks
    new_errors = check(app_configs=app_configs, databases=databases)
                 ^^^^^^^^^^^^^^^^^^^^^^^^^^^^^^^^^^^^^^^^^^^^^^^^^^^
  File "/home/snofy/project_matier/PM-A-backend/.venv/lib/python3.12/site-packages/django/core/checks/urls.py", line 44, in check_url_namespaces_unique
    all_namespaces = _load_all_namespaces(resolver)
                     ^^^^^^^^^^^^^^^^^^^^^^^^^^^^^^
  File "/home/snofy/project_matier/PM-A-backend/.venv/lib/python3.12/site-packages/django/core/checks/urls.py", line 63, in _load_all_namespaces
    url_patterns = getattr(resolver, "url_patterns", [])
                   ^^^^^^^^^^^^^^^^^^^^^^^^^^^^^^^^^^^^^
  File "/home/snofy/project_matier/PM-A-backend/.venv/lib/python3.12/site-packages/django/utils/functional.py", line 47, in __get__
    res = instance.__dict__[self.name] = self.func(instance)
                                         ^^^^^^^^^^^^^^^^^^^
  File "/home/snofy/project_matier/PM-A-backend/.venv/lib/python3.12/site-packages/django/urls/resolvers.py", line 729, in url_patterns
    patterns = getattr(self.urlconf_module, "urlpatterns", self.urlconf_module)
                       ^^^^^^^^^^^^^^^^^^^
  File "/home/snofy/project_matier/PM-A-backend/.venv/lib/python3.12/site-packages/django/utils/functional.py", line 47, in __get__
    res = instance.__dict__[self.name] = self.func(instance)
                                         ^^^^^^^^^^^^^^^^^^^
  File "/home/snofy/project_matier/PM-A-backend/.venv/lib/python3.12/site-packages/django/urls/resolvers.py", line 722, in urlconf_module
    return import_module(self.urlconf_name)
           ^^^^^^^^^^^^^^^^^^^^^^^^^^^^^^^^
  File "/usr/lib/python3.12/importlib/__init__.py", line 90, in import_module
    return _bootstrap._gcd_import(name[level:], package, level)
           ^^^^^^^^^^^^^^^^^^^^^^^^^^^^^^^^^^^^^^^^^^^^^^^^^^^^
  File "<frozen importlib._bootstrap>", line 1387, in _gcd_import
  File "<frozen importlib._bootstrap>", line 1360, in _find_and_load
  File "<frozen importlib._bootstrap>", line 1331, in _find_and_load_unlocked
  File "<frozen importlib._bootstrap>", line 935, in _load_unlocked
  File "<frozen importlib._bootstrap_external>", line 995, in exec_module
  File "<frozen importlib._bootstrap>", line 488, in _call_with_frames_removed
  File "/home/snofy/project_matier/PM-A-backend/config/urls.py", line 43, in <module>
    path('api/core/', include('core.urls')),
                      ^^^^^^^^^^^^^^^^^^^^
  File "/home/snofy/project_matier/PM-A-backend/.venv/lib/python3.12/site-packages/django/urls/conf.py", line 39, in include
    urlconf_module = import_module(urlconf_module)
                     ^^^^^^^^^^^^^^^^^^^^^^^^^^^^^
  File "/usr/lib/python3.12/importlib/__init__.py", line 90, in import_module
    return _bootstrap._gcd_import(name[level:], package, level)
           ^^^^^^^^^^^^^^^^^^^^^^^^^^^^^^^^^^^^^^^^^^^^^^^^^^^^
  File "<frozen importlib._bootstrap>", line 1387, in _gcd_import
  File "<frozen importlib._bootstrap>", line 1360, in _find_and_load
  File "<frozen importlib._bootstrap>", line 1331, in _find_and_load_unlocked
  File "<frozen importlib._bootstrap>", line 935, in _load_unlocked
  File "<frozen importlib._bootstrap_external>", line 995, in exec_module
  File "<frozen importlib._bootstrap>", line 488, in _call_with_frames_removed
  File "/home/snofy/project_matier/PM-A-backend/core/urls.py", line 3, in <module>
    from core.views import NotificationListView, MarkNotificationReadView, MarkAllNotificationsReadView
  File "/home/snofy/project_matier/PM-A-backend/core/views.py", line 6, in <module>
    from .models import Space, NotificationEvent
ImportError: cannot import name 'Space' from 'core.models' (/home/snofy/project_matier/PM-A-backend/core/models.py)
/home/snofy/project_matier/PM-A-backend/collaboration/serializer.py changed, reloading.
Performing system checks...

Watching for file changes with StatReloader
Exception in thread django-main-thread:
Traceback (most recent call last):
  File "/usr/lib/python3.12/threading.py", line 1073, in _bootstrap_inner
    self.run()
  File "/usr/lib/python3.12/threading.py", line 1010, in run
    self._target(*self._args, **self._kwargs)
  File "/home/snofy/project_matier/PM-A-backend/.venv/lib/python3.12/site-packages/django/utils/autoreload.py", line 64, in wrapper
    fn(*args, **kwargs)
  File "/home/snofy/project_matier/PM-A-backend/.venv/lib/python3.12/site-packages/django/core/management/commands/runserver.py", line 134, in inner_run
    self.check(**check_kwargs)
  File "/home/snofy/project_matier/PM-A-backend/.venv/lib/python3.12/site-packages/django/core/management/base.py", line 496, in check
    all_issues = checks.run_checks(
                 ^^^^^^^^^^^^^^^^^^
  File "/home/snofy/project_matier/PM-A-backend/.venv/lib/python3.12/site-packages/django/core/checks/registry.py", line 89, in run_checks
    new_errors = check(app_configs=app_configs, databases=databases)
                 ^^^^^^^^^^^^^^^^^^^^^^^^^^^^^^^^^^^^^^^^^^^^^^^^^^^
  File "/home/snofy/project_matier/PM-A-backend/.venv/lib/python3.12/site-packages/django/core/checks/urls.py", line 44, in check_url_namespaces_unique
    all_namespaces = _load_all_namespaces(resolver)
                     ^^^^^^^^^^^^^^^^^^^^^^^^^^^^^^
  File "/home/snofy/project_matier/PM-A-backend/.venv/lib/python3.12/site-packages/django/core/checks/urls.py", line 63, in _load_all_namespaces
    url_patterns = getattr(resolver, "url_patterns", [])
                   ^^^^^^^^^^^^^^^^^^^^^^^^^^^^^^^^^^^^^
  File "/home/snofy/project_matier/PM-A-backend/.venv/lib/python3.12/site-packages/django/utils/functional.py", line 47, in __get__
    res = instance.__dict__[self.name] = self.func(instance)
                                         ^^^^^^^^^^^^^^^^^^^
  File "/home/snofy/project_matier/PM-A-backend/.venv/lib/python3.12/site-packages/django/urls/resolvers.py", line 729, in url_patterns
    patterns = getattr(self.urlconf_module, "urlpatterns", self.urlconf_module)
                       ^^^^^^^^^^^^^^^^^^^
  File "/home/snofy/project_matier/PM-A-backend/.venv/lib/python3.12/site-packages/django/utils/functional.py", line 47, in __get__
    res = instance.__dict__[self.name] = self.func(instance)
                                         ^^^^^^^^^^^^^^^^^^^
  File "/home/snofy/project_matier/PM-A-backend/.venv/lib/python3.12/site-packages/django/urls/resolvers.py", line 722, in urlconf_module
    return import_module(self.urlconf_name)
           ^^^^^^^^^^^^^^^^^^^^^^^^^^^^^^^^
  File "/usr/lib/python3.12/importlib/__init__.py", line 90, in import_module
    return _bootstrap._gcd_import(name[level:], package, level)
           ^^^^^^^^^^^^^^^^^^^^^^^^^^^^^^^^^^^^^^^^^^^^^^^^^^^^
  File "<frozen importlib._bootstrap>", line 1387, in _gcd_import
  File "<frozen importlib._bootstrap>", line 1360, in _find_and_load
  File "<frozen importlib._bootstrap>", line 1331, in _find_and_load_unlocked
  File "<frozen importlib._bootstrap>", line 935, in _load_unlocked
  File "<frozen importlib._bootstrap_external>", line 995, in exec_module
  File "<frozen importlib._bootstrap>", line 488, in _call_with_frames_removed
  File "/home/snofy/project_matier/PM-A-backend/config/urls.py", line 43, in <module>
    path('api/core/', include('core.urls')),
                      ^^^^^^^^^^^^^^^^^^^^
  File "/home/snofy/project_matier/PM-A-backend/.venv/lib/python3.12/site-packages/django/urls/conf.py", line 39, in include
    urlconf_module = import_module(urlconf_module)
                     ^^^^^^^^^^^^^^^^^^^^^^^^^^^^^
  File "/usr/lib/python3.12/importlib/__init__.py", line 90, in import_module
    return _bootstrap._gcd_import(name[level:], package, level)
           ^^^^^^^^^^^^^^^^^^^^^^^^^^^^^^^^^^^^^^^^^^^^^^^^^^^^
  File "<frozen importlib._bootstrap>", line 1387, in _gcd_import
  File "<frozen importlib._bootstrap>", line 1360, in _find_and_load
  File "<frozen importlib._bootstrap>", line 1331, in _find_and_load_unlocked
  File "<frozen importlib._bootstrap>", line 935, in _load_unlocked
  File "<frozen importlib._bootstrap_external>", line 995, in exec_module
  File "<frozen importlib._bootstrap>", line 488, in _call_with_frames_removed
  File "/home/snofy/project_matier/PM-A-backend/core/urls.py", line 3, in <module>
    from core.views import NotificationListView, MarkNotificationReadView, MarkAllNotificationsReadView
  File "/home/snofy/project_matier/PM-A-backend/core/views.py", line 6, in <module>
    from .models import Space, NotificationEvent
ImportError: cannot import name 'Space' from 'core.models' (/home/snofy/project_matier/PM-A-backend/core/models.py)
/home/snofy/project_matier/PM-A-backend/collaboration/views.py changed, reloading.
Performing system checks...

Watching for file changes with StatReloader
Exception in thread django-main-thread:
Traceback (most recent call last):
  File "/usr/lib/python3.12/threading.py", line 1073, in _bootstrap_inner
    self.run()
  File "/usr/lib/python3.12/threading.py", line 1010, in run
    self._target(*self._args, **self._kwargs)
  File "/home/snofy/project_matier/PM-A-backend/.venv/lib/python3.12/site-packages/django/utils/autoreload.py", line 64, in wrapper
    fn(*args, **kwargs)
  File "/home/snofy/project_matier/PM-A-backend/.venv/lib/python3.12/site-packages/django/core/management/commands/runserver.py", line 134, in inner_run
    self.check(**check_kwargs)
  File "/home/snofy/project_matier/PM-A-backend/.venv/lib/python3.12/site-packages/django/core/management/base.py", line 496, in check
    all_issues = checks.run_checks(
                 ^^^^^^^^^^^^^^^^^^
  File "/home/snofy/project_matier/PM-A-backend/.venv/lib/python3.12/site-packages/django/core/checks/registry.py", line 89, in run_checks
    new_errors = check(app_configs=app_configs, databases=databases)
                 ^^^^^^^^^^^^^^^^^^^^^^^^^^^^^^^^^^^^^^^^^^^^^^^^^^^
  File "/home/snofy/project_matier/PM-A-backend/.venv/lib/python3.12/site-packages/django/core/checks/urls.py", line 44, in check_url_namespaces_unique
    all_namespaces = _load_all_namespaces(resolver)
                     ^^^^^^^^^^^^^^^^^^^^^^^^^^^^^^
  File "/home/snofy/project_matier/PM-A-backend/.venv/lib/python3.12/site-packages/django/core/checks/urls.py", line 63, in _load_all_namespaces
    url_patterns = getattr(resolver, "url_patterns", [])
                   ^^^^^^^^^^^^^^^^^^^^^^^^^^^^^^^^^^^^^
  File "/home/snofy/project_matier/PM-A-backend/.venv/lib/python3.12/site-packages/django/utils/functional.py", line 47, in __get__
    res = instance.__dict__[self.name] = self.func(instance)
                                         ^^^^^^^^^^^^^^^^^^^
  File "/home/snofy/project_matier/PM-A-backend/.venv/lib/python3.12/site-packages/django/urls/resolvers.py", line 729, in url_patterns
    patterns = getattr(self.urlconf_module, "urlpatterns", self.urlconf_module)
                       ^^^^^^^^^^^^^^^^^^^
  File "/home/snofy/project_matier/PM-A-backend/.venv/lib/python3.12/site-packages/django/utils/functional.py", line 47, in __get__
    res = instance.__dict__[self.name] = self.func(instance)
                                         ^^^^^^^^^^^^^^^^^^^
  File "/home/snofy/project_matier/PM-A-backend/.venv/lib/python3.12/site-packages/django/urls/resolvers.py", line 722, in urlconf_module
    return import_module(self.urlconf_name)
           ^^^^^^^^^^^^^^^^^^^^^^^^^^^^^^^^
  File "/usr/lib/python3.12/importlib/__init__.py", line 90, in import_module
    return _bootstrap._gcd_import(name[level:], package, level)
           ^^^^^^^^^^^^^^^^^^^^^^^^^^^^^^^^^^^^^^^^^^^^^^^^^^^^
  File "<frozen importlib._bootstrap>", line 1387, in _gcd_import
  File "<frozen importlib._bootstrap>", line 1360, in _find_and_load
  File "<frozen importlib._bootstrap>", line 1331, in _find_and_load_unlocked
  File "<frozen importlib._bootstrap>", line 935, in _load_unlocked
  File "<frozen importlib._bootstrap_external>", line 995, in exec_module
  File "<frozen importlib._bootstrap>", line 488, in _call_with_frames_removed
  File "/home/snofy/project_matier/PM-A-backend/config/urls.py", line 41, in <module>
    path('api/', include('collaboration.urls')),
                 ^^^^^^^^^^^^^^^^^^^^^^^^^^^^^
  File "/home/snofy/project_matier/PM-A-backend/.venv/lib/python3.12/site-packages/django/urls/conf.py", line 39, in include
    urlconf_module = import_module(urlconf_module)
                     ^^^^^^^^^^^^^^^^^^^^^^^^^^^^^
  File "/usr/lib/python3.12/importlib/__init__.py", line 90, in import_module
    return _bootstrap._gcd_import(name[level:], package, level)
           ^^^^^^^^^^^^^^^^^^^^^^^^^^^^^^^^^^^^^^^^^^^^^^^^^^^^
  File "<frozen importlib._bootstrap>", line 1387, in _gcd_import
  File "<frozen importlib._bootstrap>", line 1360, in _find_and_load
  File "<frozen importlib._bootstrap>", line 1331, in _find_and_load_unlocked
  File "<frozen importlib._bootstrap>", line 935, in _load_unlocked
  File "<frozen importlib._bootstrap_external>", line 995, in exec_module
  File "<frozen importlib._bootstrap>", line 488, in _call_with_frames_removed
  File "/home/snofy/project_matier/PM-A-backend/collaboration/urls.py", line 4, in <module>
    from .views import (
ImportError: cannot import name 'ChatChannelViewSet' from 'collaboration.views' (/home/snofy/project_matier/PM-A-backend/collaboration/views.py)
/home/snofy/project_matier/PM-A-backend/collaboration/urls.py changed, reloading.
Performing system checks...

Watching for file changes with StatReloader
Exception in thread django-main-thread:
Traceback (most recent call last):
  File "/usr/lib/python3.12/threading.py", line 1073, in _bootstrap_inner
    self.run()
  File "/usr/lib/python3.12/threading.py", line 1010, in run
    self._target(*self._args, **self._kwargs)
  File "/home/snofy/project_matier/PM-A-backend/.venv/lib/python3.12/site-packages/django/utils/autoreload.py", line 64, in wrapper
    fn(*args, **kwargs)
  File "/home/snofy/project_matier/PM-A-backend/.venv/lib/python3.12/site-packages/django/core/management/commands/runserver.py", line 134, in inner_run
    self.check(**check_kwargs)
  File "/home/snofy/project_matier/PM-A-backend/.venv/lib/python3.12/site-packages/django/core/management/base.py", line 496, in check
    all_issues = checks.run_checks(
                 ^^^^^^^^^^^^^^^^^^
  File "/home/snofy/project_matier/PM-A-backend/.venv/lib/python3.12/site-packages/django/core/checks/registry.py", line 89, in run_checks
    new_errors = check(app_configs=app_configs, databases=databases)
                 ^^^^^^^^^^^^^^^^^^^^^^^^^^^^^^^^^^^^^^^^^^^^^^^^^^^
  File "/home/snofy/project_matier/PM-A-backend/.venv/lib/python3.12/site-packages/django/core/checks/urls.py", line 44, in check_url_namespaces_unique
    all_namespaces = _load_all_namespaces(resolver)
                     ^^^^^^^^^^^^^^^^^^^^^^^^^^^^^^
  File "/home/snofy/project_matier/PM-A-backend/.venv/lib/python3.12/site-packages/django/core/checks/urls.py", line 63, in _load_all_namespaces
    url_patterns = getattr(resolver, "url_patterns", [])
                   ^^^^^^^^^^^^^^^^^^^^^^^^^^^^^^^^^^^^^
  File "/home/snofy/project_matier/PM-A-backend/.venv/lib/python3.12/site-packages/django/utils/functional.py", line 47, in __get__
    res = instance.__dict__[self.name] = self.func(instance)
                                         ^^^^^^^^^^^^^^^^^^^
  File "/home/snofy/project_matier/PM-A-backend/.venv/lib/python3.12/site-packages/django/urls/resolvers.py", line 729, in url_patterns
    patterns = getattr(self.urlconf_module, "urlpatterns", self.urlconf_module)
                       ^^^^^^^^^^^^^^^^^^^
  File "/home/snofy/project_matier/PM-A-backend/.venv/lib/python3.12/site-packages/django/utils/functional.py", line 47, in __get__
    res = instance.__dict__[self.name] = self.func(instance)
                                         ^^^^^^^^^^^^^^^^^^^
  File "/home/snofy/project_matier/PM-A-backend/.venv/lib/python3.12/site-packages/django/urls/resolvers.py", line 722, in urlconf_module
    return import_module(self.urlconf_name)
           ^^^^^^^^^^^^^^^^^^^^^^^^^^^^^^^^
  File "/usr/lib/python3.12/importlib/__init__.py", line 90, in import_module
    return _bootstrap._gcd_import(name[level:], package, level)
           ^^^^^^^^^^^^^^^^^^^^^^^^^^^^^^^^^^^^^^^^^^^^^^^^^^^^
  File "<frozen importlib._bootstrap>", line 1387, in _gcd_import
  File "<frozen importlib._bootstrap>", line 1360, in _find_and_load
  File "<frozen importlib._bootstrap>", line 1331, in _find_and_load_unlocked
  File "<frozen importlib._bootstrap>", line 935, in _load_unlocked
  File "<frozen importlib._bootstrap_external>", line 995, in exec_module
  File "<frozen importlib._bootstrap>", line 488, in _call_with_frames_removed
  File "/home/snofy/project_matier/PM-A-backend/config/urls.py", line 43, in <module>
    path('api/core/', include('core.urls')),
                      ^^^^^^^^^^^^^^^^^^^^
  File "/home/snofy/project_matier/PM-A-backend/.venv/lib/python3.12/site-packages/django/urls/conf.py", line 39, in include
    urlconf_module = import_module(urlconf_module)
                     ^^^^^^^^^^^^^^^^^^^^^^^^^^^^^
  File "/usr/lib/python3.12/importlib/__init__.py", line 90, in import_module
    return _bootstrap._gcd_import(name[level:], package, level)
           ^^^^^^^^^^^^^^^^^^^^^^^^^^^^^^^^^^^^^^^^^^^^^^^^^^^^
  File "<frozen importlib._bootstrap>", line 1387, in _gcd_import
  File "<frozen importlib._bootstrap>", line 1360, in _find_and_load
  File "<frozen importlib._bootstrap>", line 1331, in _find_and_load_unlocked
  File "<frozen importlib._bootstrap>", line 935, in _load_unlocked
  File "<frozen importlib._bootstrap_external>", line 995, in exec_module
  File "<frozen importlib._bootstrap>", line 488, in _call_with_frames_removed
  File "/home/snofy/project_matier/PM-A-backend/core/urls.py", line 3, in <module>
    from core.views import NotificationListView, MarkNotificationReadView, MarkAllNotificationsReadView
  File "/home/snofy/project_matier/PM-A-backend/core/views.py", line 6, in <module>
    from .models import Space, NotificationEvent
ImportError: cannot import name 'Space' from 'core.models' (/home/snofy/project_matier/PM-A-backend/core/models.py)
/home/snofy/project_matier/PM-A-backend/core/views.py changed, reloading.
Performing system checks...

Watching for file changes with StatReloader
[04/May/2026 13:19:29] "POST /api/auth/register/ HTTP/1.1" 201 59
[04/May/2026 13:19:30] "POST /api/auth/register/ HTTP/1.1" 201 59
[04/May/2026 13:19:31] "POST /api/auth/login/ HTTP/1.1" 200 562
[04/May/2026 13:19:31] "POST /api/orgs/organizations/ HTTP/1.1" 201 121
[04/May/2026 13:19:31] "POST /api/orgs/workspaces/ HTTP/1.1" 201 152
[04/May/2026 13:19:31] "POST /api/projects/ HTTP/1.1" 201 524
/home/snofy/project_matier/PM-A-backend/collaboration/views.py changed, reloading.
Performing system checks...

System check identified no issues (0 silenced).
May 04, 2026 - 13:17:38
Django version 6.0.4, using settings 'config.settings'
Starting development server at http://0.0.0.0:8000/
Quit the server with CONTROL-C.

WARNING: This is a development server. Do not use it in a production setting. Use a production WSGI or ASGI server instead.
For more information on production servers see: https://docs.djangoproject.com/en/6.0/howto/deployment/
Watching for file changes with StatReloader
Bad Request: /api/auth/register/
[04/May/2026 13:24:19] "POST /api/auth/register/ HTTP/1.1" 400 58
Bad Request: /api/auth/register/
[04/May/2026 13:24:19] "POST /api/auth/register/ HTTP/1.1" 400 58
Bad Request: /api/auth/login/
[04/May/2026 13:24:20] "POST /api/auth/login/ HTTP/1.1" 400 75
Unauthorized: /api/orgs/organizations/
[04/May/2026 13:24:20] "POST /api/orgs/organizations/ HTTP/1.1" 401 58
Unauthorized: /api/orgs/workspaces/
[04/May/2026 13:24:20] "POST /api/orgs/workspaces/ HTTP/1.1" 401 58
Unauthorized: /api/projects/
[04/May/2026 13:24:20] "POST /api/projects/ HTTP/1.1" 401 58
Bad Request: /api/auth/register/
[04/May/2026 13:27:09] "POST /api/auth/register/ HTTP/1.1" 400 58
Bad Request: /api/auth/register/
[04/May/2026 13:27:09] "POST /api/auth/register/ HTTP/1.1" 400 58
Bad Request: /api/auth/login/
[04/May/2026 13:27:10] "POST /api/auth/login/ HTTP/1.1" 400 75
Unauthorized: /api/orgs/organizations/
[04/May/2026 13:27:10] "POST /api/orgs/organizations/ HTTP/1.1" 401 58
Unauthorized: /api/orgs/workspaces/
[04/May/2026 13:27:10] "POST /api/orgs/workspaces/ HTTP/1.1" 401 58
Unauthorized: /api/projects/
[04/May/2026 13:27:10] "POST /api/projects/ HTTP/1.1" 401 58
Bad Request: /api/auth/register/
[04/May/2026 13:27:44] "POST /api/auth/register/ HTTP/1.1" 400 58
Bad Request: /api/auth/register/
[04/May/2026 13:27:44] "POST /api/auth/register/ HTTP/1.1" 400 58
Bad Request: /api/auth/login/
[04/May/2026 13:27:45] "POST /api/auth/login/ HTTP/1.1" 400 75
Unauthorized: /api/orgs/organizations/
[04/May/2026 13:27:45] "POST /api/orgs/organizations/ HTTP/1.1" 401 58
Unauthorized: /api/orgs/workspaces/
[04/May/2026 13:27:45] "POST /api/orgs/workspaces/ HTTP/1.1" 401 58
Unauthorized: /api/projects/
[04/May/2026 13:27:45] "POST /api/projects/ HTTP/1.1" 401 58
[04/May/2026 13:28:08] "POST /api/auth/register/ HTTP/1.1" 201 67
[04/May/2026 13:28:09] "POST /api/auth/register/ HTTP/1.1" 201 67
[04/May/2026 13:28:10] "POST /api/auth/login/ HTTP/1.1" 200 570
[04/May/2026 13:28:10] "POST /api/orgs/organizations/ HTTP/1.1" 201 121
[04/May/2026 13:28:10] "POST /api/orgs/workspaces/ HTTP/1.1" 201 152
[04/May/2026 13:28:10] "POST /api/projects/ HTTP/1.1" 201 524
[04/May/2026 13:28:11] "POST /api/workspaces/0f2c61d5-11a5-4be9-a714-0f0dd89ee328/channels/ HTTP/1.1" 201 248
[04/May/2026 13:28:11] "GET /api/workspaces/0f2c61d5-11a5-4be9-a714-0f0dd89ee328/channels/ HTTP/1.1" 200 250
[04/May/2026 13:28:11] "POST /api/projects/95ffd94a-bd70-4d7c-b6a2-b48e84d756af/channels/ HTTP/1.1" 201 250
[04/May/2026 13:28:11] "GET /api/projects/95ffd94a-bd70-4d7c-b6a2-b48e84d756af/channels/ HTTP/1.1" 200 252
[04/May/2026 13:28:11] "POST /api/channels/1e3863fe-7e23-4e67-b9a6-169ce99facee/messages/ HTTP/1.1" 201 280
[04/May/2026 13:28:11] "GET /api/channels/1e3863fe-7e23-4e67-b9a6-169ce99facee/messages/ HTTP/1.1" 200 282
Bad Request: /api/channels/direct/
[04/May/2026 13:28:11] "POST /api/channels/direct/ HTTP/1.1" 400 36
Not Found: /api/channels//messages/
[04/May/2026 13:28:11] "POST /api/channels//messages/ HTTP/1.1" 404 24865
Not Found: /api/channels//messages/
[04/May/2026 13:28:11] "GET /api/channels//messages/ HTTP/1.1" 404 24864
[04/May/2026 13:28:11] "POST /api/projects/ HTTP/1.1" 201 528
[04/May/2026 13:28:11] "POST /api/projects/9aadce1a-6fbc-4dc3-83b7-567b38c71595/channels/ HTTP/1.1" 201 232
[04/May/2026 13:28:12] "POST /api/auth/login/ HTTP/1.1" 200 570
Forbidden: /api/channels/2a801488-d303-436c-9570-437cd63ab284/messages/
[04/May/2026 13:28:12] "GET /api/channels/2a801488-d303-436c-9570-437cd63ab284/messages/ HTTP/1.1" 403 37
[04/May/2026 13:36:27] "POST /api/auth/register/ HTTP/1.1" 201 67
[04/May/2026 13:36:28] "POST /api/auth/register/ HTTP/1.1" 201 67
[04/May/2026 13:36:29] "POST /api/auth/login/ HTTP/1.1" 200 570
[04/May/2026 13:36:29] "POST /api/orgs/organizations/ HTTP/1.1" 201 121
[04/May/2026 13:36:30] "POST /api/orgs/workspaces/ HTTP/1.1" 201 152
[04/May/2026 13:36:30] "POST /api/projects/ HTTP/1.1" 201 524
[04/May/2026 13:36:30] "POST /api/workspaces/30919d72-b8db-418f-a048-642f3042de73/channels/ HTTP/1.1" 201 248
[04/May/2026 13:36:30] "GET /api/workspaces/30919d72-b8db-418f-a048-642f3042de73/channels/ HTTP/1.1" 200 250
[04/May/2026 13:36:30] "POST /api/projects/87cbba1d-ef62-416c-9f07-41d693e5f514/channels/ HTTP/1.1" 201 250
[04/May/2026 13:36:30] "GET /api/projects/87cbba1d-ef62-416c-9f07-41d693e5f514/channels/ HTTP/1.1" 200 252
[04/May/2026 13:36:31] "POST /api/channels/d7a2bfe4-c368-47eb-9ca1-a8bcde0dcfdb/messages/ HTTP/1.1" 201 280
[04/May/2026 13:36:31] "GET /api/channels/d7a2bfe4-c368-47eb-9ca1-a8bcde0dcfdb/messages/ HTTP/1.1" 200 282
Bad Request: /api/channels/direct/
[04/May/2026 13:36:31] "POST /api/channels/direct/ HTTP/1.1" 400 36
Not Found: /api/channels//messages/
[04/May/2026 13:36:31] "POST /api/channels//messages/ HTTP/1.1" 404 24865
Not Found: /api/channels//messages/
[04/May/2026 13:36:31] "GET /api/channels//messages/ HTTP/1.1" 404 24864
[04/May/2026 13:36:31] "POST /api/projects/ HTTP/1.1" 201 528
[04/May/2026 13:36:31] "POST /api/projects/929e6c41-0f2c-4d9e-932b-dab4ef77d18d/channels/ HTTP/1.1" 201 232
[04/May/2026 13:36:32] "POST /api/auth/login/ HTTP/1.1" 200 570
Forbidden: /api/channels/47a34a08-28c4-4cfa-b854-f555fe4b0b2a/messages/
[04/May/2026 13:36:32] "GET /api/channels/47a34a08-28c4-4cfa-b854-f555fe4b0b2a/messages/ HTTP/1.1" 403 37
/home/snofy/project_matier/PM-A-backend/collaboration/views.py changed, reloading.
Performing system checks...

System check identified no issues (0 silenced).
May 04, 2026 - 13:24:02
Django version 6.0.4, using settings 'config.settings'
Starting development server at http://0.0.0.0:8000/
Quit the server with CONTROL-C.

WARNING: This is a development server. Do not use it in a production setting. Use a production WSGI or ASGI server instead.
For more information on production servers see: https://docs.djangoproject.com/en/6.0/howto/deployment/
Watching for file changes with StatReloader
[04/May/2026 13:37:37] "POST /api/auth/register/ HTTP/1.1" 201 67
[04/May/2026 13:37:38] "POST /api/auth/register/ HTTP/1.1" 201 67
[04/May/2026 13:37:39] "POST /api/auth/login/ HTTP/1.1" 200 570
[04/May/2026 13:37:39] "POST /api/orgs/organizations/ HTTP/1.1" 201 121
[04/May/2026 13:37:39] "POST /api/orgs/workspaces/ HTTP/1.1" 201 152
[04/May/2026 13:37:39] "POST /api/projects/ HTTP/1.1" 201 524
[04/May/2026 13:37:40] "POST /api/workspaces/f44109c0-1f61-4dc5-89b1-0107f4816099/channels/ HTTP/1.1" 201 248
[04/May/2026 13:37:40] "GET /api/workspaces/f44109c0-1f61-4dc5-89b1-0107f4816099/channels/ HTTP/1.1" 200 250
[04/May/2026 13:37:40] "POST /api/projects/bd807150-54ff-4323-8e88-b6bcde88e450/channels/ HTTP/1.1" 201 250
[04/May/2026 13:37:40] "GET /api/projects/bd807150-54ff-4323-8e88-b6bcde88e450/channels/ HTTP/1.1" 200 252
[04/May/2026 13:37:40] "POST /api/channels/7f860aef-4f1c-4f7b-a984-3d698dafd2d0/messages/ HTTP/1.1" 201 280
[04/May/2026 13:37:40] "GET /api/channels/7f860aef-4f1c-4f7b-a984-3d698dafd2d0/messages/ HTTP/1.1" 200 282
Bad Request: /api/channels/direct/
[04/May/2026 13:37:40] "POST /api/channels/direct/ HTTP/1.1" 400 36
Not Found: /api/channels//messages/
[04/May/2026 13:37:41] "POST /api/channels//messages/ HTTP/1.1" 404 24865
Not Found: /api/channels//messages/
[04/May/2026 13:37:41] "GET /api/channels//messages/ HTTP/1.1" 404 24864
[04/May/2026 13:37:41] "POST /api/projects/ HTTP/1.1" 201 528
[04/May/2026 13:37:41] "POST /api/projects/5c88c102-7ddd-4730-8bad-f0c8405e5103/channels/ HTTP/1.1" 201 232
[04/May/2026 13:37:42] "POST /api/auth/login/ HTTP/1.1" 200 570
Forbidden: /api/channels/18df3927-5e9f-4a32-93ab-b66b536eee17/messages/
[04/May/2026 13:37:42] "GET /api/channels/18df3927-5e9f-4a32-93ab-b66b536eee17/messages/ HTTP/1.1" 403 37
[04/May/2026 13:44:12] "POST /api/auth/register/ HTTP/1.1" 201 67
[04/May/2026 13:44:13] "POST /api/auth/register/ HTTP/1.1" 201 67
[04/May/2026 13:44:14] "POST /api/auth/login/ HTTP/1.1" 200 570
[04/May/2026 13:44:14] "POST /api/orgs/organizations/ HTTP/1.1" 201 121
[04/May/2026 13:44:15] "POST /api/orgs/workspaces/ HTTP/1.1" 201 152
[04/May/2026 13:44:15] "POST /api/projects/ HTTP/1.1" 201 524
[04/May/2026 13:44:15] "POST /api/workspaces/94eeb638-5d2b-4b0e-8567-07fd05122570/channels/ HTTP/1.1" 201 248
[04/May/2026 13:44:15] "GET /api/workspaces/94eeb638-5d2b-4b0e-8567-07fd05122570/channels/ HTTP/1.1" 200 250
[04/May/2026 13:44:15] "POST /api/projects/830ffc24-13df-4e11-8c75-4a97fb6ae171/channels/ HTTP/1.1" 201 250
[04/May/2026 13:44:15] "GET /api/projects/830ffc24-13df-4e11-8c75-4a97fb6ae171/channels/ HTTP/1.1" 200 252
[04/May/2026 13:44:15] "POST /api/channels/80c9231b-158e-4435-b4dc-60e28249df9d/messages/ HTTP/1.1" 201 280
[04/May/2026 13:44:15] "GET /api/channels/80c9231b-158e-4435-b4dc-60e28249df9d/messages/ HTTP/1.1" 200 282
Bad Request: /api/channels/direct/
[04/May/2026 13:44:15] "POST /api/channels/direct/ HTTP/1.1" 400 36
Not Found: /api/channels//messages/
[04/May/2026 13:44:16] "POST /api/channels//messages/ HTTP/1.1" 404 24865
Not Found: /api/channels//messages/
[04/May/2026 13:44:16] "GET /api/channels//messages/ HTTP/1.1" 404 24864
[04/May/2026 13:44:16] "POST /api/projects/ HTTP/1.1" 201 528
[04/May/2026 13:44:16] "POST /api/projects/d294f8e6-0b49-435c-953d-5c2cf3c859bc/channels/ HTTP/1.1" 201 232
[04/May/2026 13:44:17] "POST /api/auth/login/ HTTP/1.1" 200 570
Forbidden: /api/channels/72ca88ab-e96f-40ac-b450-45333016e5d0/messages/
[04/May/2026 13:44:17] "GET /api/channels/72ca88ab-e96f-40ac-b450-45333016e5d0/messages/ HTTP/1.1" 403 37
/home/snofy/project_matier/PM-A-backend/collaboration/views.py changed, reloading.
Performing system checks...

System check identified no issues (0 silenced).
May 04, 2026 - 13:36:44
Django version 6.0.4, using settings 'config.settings'
Starting development server at http://0.0.0.0:8000/
Quit the server with CONTROL-C.

WARNING: This is a development server. Do not use it in a production setting. Use a production WSGI or ASGI server instead.
For more information on production servers see: https://docs.djangoproject.com/en/6.0/howto/deployment/
DEBUG: request.data={'recipient_id': ''}
DEBUG: request.data={'recipient_id': ''}
Watching for file changes with StatReloader
[04/May/2026 13:46:43] "POST /api/auth/register/ HTTP/1.1" 201 67
[04/May/2026 13:46:44] "POST /api/auth/register/ HTTP/1.1" 201 67
[04/May/2026 13:46:45] "POST /api/auth/login/ HTTP/1.1" 200 570
[04/May/2026 13:46:45] "POST /api/orgs/organizations/ HTTP/1.1" 201 121
[04/May/2026 13:46:45] "POST /api/orgs/workspaces/ HTTP/1.1" 201 152
[04/May/2026 13:46:45] "POST /api/projects/ HTTP/1.1" 201 524
[04/May/2026 13:46:46] "POST /api/workspaces/826fc105-bc63-4258-9e01-79b182c1886f/channels/ HTTP/1.1" 201 248
[04/May/2026 13:46:46] "GET /api/workspaces/826fc105-bc63-4258-9e01-79b182c1886f/channels/ HTTP/1.1" 200 250
[04/May/2026 13:46:46] "POST /api/projects/114d42c3-296c-4443-9f80-1c3e983dd3e7/channels/ HTTP/1.1" 201 250
[04/May/2026 13:46:46] "GET /api/projects/114d42c3-296c-4443-9f80-1c3e983dd3e7/channels/ HTTP/1.1" 200 252
[04/May/2026 13:46:46] "POST /api/channels/e0732428-2543-4905-8770-19547d41e6de/messages/ HTTP/1.1" 201 280
[04/May/2026 13:46:46] "GET /api/channels/e0732428-2543-4905-8770-19547d41e6de/messages/ HTTP/1.1" 200 282
Bad Request: /api/channels/direct/
[04/May/2026 13:46:46] "POST /api/channels/direct/ HTTP/1.1" 400 36
Not Found: /api/channels//messages/
[04/May/2026 13:46:46] "POST /api/channels//messages/ HTTP/1.1" 404 24865
Not Found: /api/channels//messages/
[04/May/2026 13:46:46] "GET /api/channels//messages/ HTTP/1.1" 404 24864
[04/May/2026 13:46:46] "POST /api/projects/ HTTP/1.1" 201 528
[04/May/2026 13:46:46] "POST /api/projects/5e60d91b-aa6b-4171-af0d-47a78d447144/channels/ HTTP/1.1" 201 232
[04/May/2026 13:46:47] "POST /api/auth/login/ HTTP/1.1" 200 570
Forbidden: /api/channels/5be2ad58-815a-4ca0-acbc-08577e6f986a/messages/
[04/May/2026 13:46:48] "GET /api/channels/5be2ad58-815a-4ca0-acbc-08577e6f986a/messages/ HTTP/1.1" 403 37
[04/May/2026 13:47:50] "POST /api/auth/register/ HTTP/1.1" 201 67
[04/May/2026 13:47:51] "POST /api/auth/register/ HTTP/1.1" 201 67
[04/May/2026 13:47:52] "POST /api/auth/login/ HTTP/1.1" 200 570
[04/May/2026 13:47:52] "POST /api/orgs/organizations/ HTTP/1.1" 201 121
[04/May/2026 13:47:52] "POST /api/orgs/workspaces/ HTTP/1.1" 201 152
[04/May/2026 13:47:52] "POST /api/projects/ HTTP/1.1" 201 524
[04/May/2026 13:47:53] "POST /api/workspaces/0437520d-5a20-497f-8045-bcbf5417abb0/channels/ HTTP/1.1" 201 248
[04/May/2026 13:47:53] "GET /api/workspaces/0437520d-5a20-497f-8045-bcbf5417abb0/channels/ HTTP/1.1" 200 250
[04/May/2026 13:47:53] "POST /api/projects/a573df37-82ec-4cce-ae42-8d5f548c7fb8/channels/ HTTP/1.1" 201 250
[04/May/2026 13:47:53] "GET /api/projects/a573df37-82ec-4cce-ae42-8d5f548c7fb8/channels/ HTTP/1.1" 200 252
[04/May/2026 13:47:53] "POST /api/channels/d7bb1113-e8e9-4066-899c-a9fa0ea7aee5/messages/ HTTP/1.1" 201 280
[04/May/2026 13:47:53] "GET /api/channels/d7bb1113-e8e9-4066-899c-a9fa0ea7aee5/messages/ HTTP/1.1" 200 282
Bad Request: /api/channels/direct/
[04/May/2026 13:47:53] "POST /api/channels/direct/ HTTP/1.1" 400 36
Not Found: /api/channels//messages/
[04/May/2026 13:47:53] "POST /api/channels//messages/ HTTP/1.1" 404 24865
Not Found: /api/channels//messages/
[04/May/2026 13:47:54] "GET /api/channels//messages/ HTTP/1.1" 404 24864
[04/May/2026 13:47:54] "POST /api/projects/ HTTP/1.1" 201 528
[04/May/2026 13:47:54] "POST /api/projects/f39feba8-8728-44c2-acd3-fefec92da44e/channels/ HTTP/1.1" 201 232
[04/May/2026 13:47:55] "POST /api/auth/login/ HTTP/1.1" 200 570
Forbidden: /api/channels/98f0fe10-5858-4455-ae77-368197af6aef/messages/
[04/May/2026 13:47:55] "GET /api/channels/98f0fe10-5858-4455-ae77-368197af6aef/messages/ HTTP/1.1" 403 37
[04/May/2026 13:48:15] "POST /api/auth/register/ HTTP/1.1" 201 67
[04/May/2026 13:48:16] "POST /api/auth/register/ HTTP/1.1" 201 67
[04/May/2026 13:48:17] "POST /api/auth/login/ HTTP/1.1" 200 570
[04/May/2026 13:48:17] "POST /api/orgs/organizations/ HTTP/1.1" 201 121
[04/May/2026 13:48:17] "POST /api/orgs/workspaces/ HTTP/1.1" 201 152
[04/May/2026 13:48:17] "POST /api/projects/ HTTP/1.1" 201 524
[04/May/2026 13:48:18] "POST /api/workspaces/6603d9c3-63d5-4b03-9a2e-e32e4cc3e81e/channels/ HTTP/1.1" 201 248
[04/May/2026 13:48:18] "GET /api/workspaces/6603d9c3-63d5-4b03-9a2e-e32e4cc3e81e/channels/ HTTP/1.1" 200 250
[04/May/2026 13:48:18] "POST /api/projects/90d1cfa1-0ecd-46a0-859f-d1a9f477381d/channels/ HTTP/1.1" 201 250
[04/May/2026 13:48:18] "GET /api/projects/90d1cfa1-0ecd-46a0-859f-d1a9f477381d/channels/ HTTP/1.1" 200 252
[04/May/2026 13:48:18] "POST /api/channels/09231bc0-f2e0-46a8-be73-4d3993e8b664/messages/ HTTP/1.1" 201 280
[04/May/2026 13:48:18] "GET /api/channels/09231bc0-f2e0-46a8-be73-4d3993e8b664/messages/ HTTP/1.1" 200 282
Bad Request: /api/channels/direct/
[04/May/2026 13:48:18] "POST /api/channels/direct/ HTTP/1.1" 400 36
Not Found: /api/channels//messages/
[04/May/2026 13:48:18] "POST /api/channels//messages/ HTTP/1.1" 404 24865
Not Found: /api/channels//messages/
[04/May/2026 13:48:18] "GET /api/channels//messages/ HTTP/1.1" 404 24864
[04/May/2026 13:48:18] "POST /api/projects/ HTTP/1.1" 201 528
[04/May/2026 13:48:18] "POST /api/projects/612d49d8-59d3-40cf-aacd-b9b8372f5e48/channels/ HTTP/1.1" 201 232
[04/May/2026 13:48:19] "POST /api/auth/login/ HTTP/1.1" 200 570
Forbidden: /api/channels/ff5a9a31-0765-4023-adad-b76613bd9564/messages/
[04/May/2026 13:48:19] "GET /api/channels/ff5a9a31-0765-4023-adad-b76613bd9564/messages/ HTTP/1.1" 403 37
[04/May/2026 13:48:46] "POST /api/auth/register/ HTTP/1.1" 201 67
[04/May/2026 13:48:47] "POST /api/auth/register/ HTTP/1.1" 201 67
[04/May/2026 13:48:48] "POST /api/auth/login/ HTTP/1.1" 200 570
[04/May/2026 13:48:48] "POST /api/orgs/organizations/ HTTP/1.1" 201 121
[04/May/2026 13:48:48] "POST /api/orgs/workspaces/ HTTP/1.1" 201 152
[04/May/2026 13:48:49] "POST /api/projects/ HTTP/1.1" 201 524
[04/May/2026 13:48:49] "POST /api/workspaces/5d8c7d27-6aca-42ab-a667-23f3c726cfc2/channels/ HTTP/1.1" 201 248
[04/May/2026 13:48:49] "GET /api/workspaces/5d8c7d27-6aca-42ab-a667-23f3c726cfc2/channels/ HTTP/1.1" 200 250
[04/May/2026 13:48:49] "POST /api/projects/bfc841b0-f111-4c68-9871-0c427a80a8f1/channels/ HTTP/1.1" 201 250
[04/May/2026 13:48:49] "GET /api/projects/bfc841b0-f111-4c68-9871-0c427a80a8f1/channels/ HTTP/1.1" 200 252
[04/May/2026 13:48:49] "POST /api/channels/c1f6d46b-5dd9-4bd2-866c-cab6be530553/messages/ HTTP/1.1" 201 280
[04/May/2026 13:48:49] "GET /api/channels/c1f6d46b-5dd9-4bd2-866c-cab6be530553/messages/ HTTP/1.1" 200 282
Bad Request: /api/channels/direct/
[04/May/2026 13:48:49] "POST /api/channels/direct/ HTTP/1.1" 400 36
Not Found: /api/channels//messages/
[04/May/2026 13:48:49] "POST /api/channels//messages/ HTTP/1.1" 404 24865
Not Found: /api/channels//messages/
[04/May/2026 13:48:49] "GET /api/channels//messages/ HTTP/1.1" 404 24864
[04/May/2026 13:48:50] "POST /api/projects/ HTTP/1.1" 201 528
[04/May/2026 13:48:50] "POST /api/projects/65895757-f0d5-4f28-87f3-1810aad56bca/channels/ HTTP/1.1" 201 232
[04/May/2026 13:48:51] "POST /api/auth/login/ HTTP/1.1" 200 570
Forbidden: /api/channels/a1ed0733-a350-4627-a797-7e19e4e73951/messages/
[04/May/2026 13:48:51] "GET /api/channels/a1ed0733-a350-4627-a797-7e19e4e73951/messages/ HTTP/1.1" 403 37
[04/May/2026 13:49:12] "POST /api/auth/register/ HTTP/1.1" 201 67
[04/May/2026 13:49:13] "POST /api/auth/register/ HTTP/1.1" 201 67
[04/May/2026 13:49:14] "POST /api/auth/login/ HTTP/1.1" 200 570
[04/May/2026 13:49:14] "POST /api/orgs/organizations/ HTTP/1.1" 201 121
[04/May/2026 13:49:14] "POST /api/orgs/workspaces/ HTTP/1.1" 201 152
[04/May/2026 13:49:14] "POST /api/projects/ HTTP/1.1" 201 524
[04/May/2026 13:49:15] "POST /api/workspaces/7b562f32-7ff7-4fa7-a87f-872cde4aa7f5/channels/ HTTP/1.1" 201 248
[04/May/2026 13:49:15] "GET /api/workspaces/7b562f32-7ff7-4fa7-a87f-872cde4aa7f5/channels/ HTTP/1.1" 200 250
[04/May/2026 13:49:15] "POST /api/projects/8b89c7dc-20a8-40d3-957e-1e8eae88cac7/channels/ HTTP/1.1" 201 250
[04/May/2026 13:49:15] "GET /api/projects/8b89c7dc-20a8-40d3-957e-1e8eae88cac7/channels/ HTTP/1.1" 200 252
[04/May/2026 13:49:15] "POST /api/channels/09018635-e938-48ad-af78-a0658695a912/messages/ HTTP/1.1" 201 280
[04/May/2026 13:49:15] "GET /api/channels/09018635-e938-48ad-af78-a0658695a912/messages/ HTTP/1.1" 200 282
Bad Request: /api/channels/direct/
[04/May/2026 13:49:15] "POST /api/channels/direct/ HTTP/1.1" 400 36
Not Found: /api/channels//messages/
[04/May/2026 13:49:15] "POST /api/channels//messages/ HTTP/1.1" 404 24865
Not Found: /api/channels//messages/
[04/May/2026 13:49:15] "GET /api/channels//messages/ HTTP/1.1" 404 24864
[04/May/2026 13:49:15] "POST /api/projects/ HTTP/1.1" 201 528
[04/May/2026 13:49:15] "POST /api/projects/01a0ec88-17fb-4221-a396-b53b2def7596/channels/ HTTP/1.1" 201 232
[04/May/2026 13:49:16] "POST /api/auth/login/ HTTP/1.1" 200 570
Forbidden: /api/channels/e296d89c-d19b-4341-a33a-6328a237ce02/messages/
[04/May/2026 13:49:16] "GET /api/channels/e296d89c-d19b-4341-a33a-6328a237ce02/messages/ HTTP/1.1" 403 37
[04/May/2026 13:55:36] "POST /api/auth/register/ HTTP/1.1" 201 67
[04/May/2026 13:55:37] "POST /api/auth/register/ HTTP/1.1" 201 67
[04/May/2026 13:55:38] "POST /api/auth/login/ HTTP/1.1" 200 570
[04/May/2026 13:55:38] "POST /api/orgs/organizations/ HTTP/1.1" 201 121
[04/May/2026 13:55:38] "POST /api/orgs/workspaces/ HTTP/1.1" 201 152
[04/May/2026 13:55:38] "POST /api/projects/ HTTP/1.1" 201 524
[04/May/2026 14:04:04] "POST /api/auth/register/ HTTP/1.1" 201 67
[04/May/2026 14:04:05] "POST /api/auth/register/ HTTP/1.1" 201 67
[04/May/2026 14:04:06] "POST /api/auth/login/ HTTP/1.1" 200 570
[04/May/2026 14:04:06] "POST /api/orgs/organizations/ HTTP/1.1" 201 121
[04/May/2026 14:04:06] "POST /api/orgs/workspaces/ HTTP/1.1" 201 152
[04/May/2026 14:04:06] "POST /api/projects/ HTTP/1.1" 201 524
[04/May/2026 14:04:07] "POST /api/workspaces/fa10aed9-efbb-4942-80b4-c4d7542a30f5/channels/ HTTP/1.1" 201 248
[04/May/2026 14:04:07] "GET /api/workspaces/fa10aed9-efbb-4942-80b4-c4d7542a30f5/channels/ HTTP/1.1" 200 250
[04/May/2026 14:04:07] "POST /api/projects/80860ec7-86f3-4fe4-86d7-bff524b9f39e/channels/ HTTP/1.1" 201 250
[04/May/2026 14:04:07] "GET /api/projects/80860ec7-86f3-4fe4-86d7-bff524b9f39e/channels/ HTTP/1.1" 200 252
[04/May/2026 14:04:07] "POST /api/channels/6c28c231-05bd-4bfa-b9ad-3a5a8facff0b/messages/ HTTP/1.1" 201 280
[04/May/2026 14:04:07] "GET /api/channels/6c28c231-05bd-4bfa-b9ad-3a5a8facff0b/messages/ HTTP/1.1" 200 282
Bad Request: /api/channels/direct/
[04/May/2026 14:04:07] "POST /api/channels/direct/ HTTP/1.1" 400 36
Not Found: /api/channels//messages/
[04/May/2026 14:04:07] "POST /api/channels//messages/ HTTP/1.1" 404 24865
Not Found: /api/channels//messages/
[04/May/2026 14:04:07] "GET /api/channels//messages/ HTTP/1.1" 404 24864
[04/May/2026 14:04:07] "POST /api/projects/ HTTP/1.1" 201 528
[04/May/2026 14:04:07] "POST /api/projects/90514ee6-9846-4a87-a017-ff2c9292a0ee/channels/ HTTP/1.1" 201 232
[04/May/2026 14:04:08] "POST /api/auth/login/ HTTP/1.1" 200 570
Forbidden: /api/channels/88980319-2f89-4b74-a735-1ec95f006775/messages/
[04/May/2026 14:04:08] "GET /api/channels/88980319-2f89-4b74-a735-1ec95f006775/messages/ HTTP/1.1" 403 37
[04/May/2026 14:04:21] "POST /api/auth/register/ HTTP/1.1" 201 67
[04/May/2026 14:04:22] "POST /api/auth/register/ HTTP/1.1" 201 67
[04/May/2026 14:04:23] "POST /api/auth/login/ HTTP/1.1" 200 570
[04/May/2026 14:04:23] "POST /api/orgs/organizations/ HTTP/1.1" 201 121
[04/May/2026 14:04:24] "POST /api/orgs/workspaces/ HTTP/1.1" 201 152
[04/May/2026 14:04:24] "POST /api/projects/ HTTP/1.1" 201 524
[04/May/2026 14:04:24] "POST /api/workspaces/c17e139d-ca58-463e-804a-99c24a778a36/channels/ HTTP/1.1" 201 248
[04/May/2026 14:04:24] "GET /api/workspaces/c17e139d-ca58-463e-804a-99c24a778a36/channels/ HTTP/1.1" 200 250
[04/May/2026 14:04:24] "POST /api/projects/1c834a74-7788-453f-8fdb-17b93a181def/channels/ HTTP/1.1" 201 250
[04/May/2026 14:04:24] "GET /api/projects/1c834a74-7788-453f-8fdb-17b93a181def/channels/ HTTP/1.1" 200 252
[04/May/2026 14:04:24] "POST /api/channels/aaf1e098-9cfd-4ae7-88df-29deedf183cc/messages/ HTTP/1.1" 201 280
[04/May/2026 14:04:24] "GET /api/channels/aaf1e098-9cfd-4ae7-88df-29deedf183cc/messages/ HTTP/1.1" 200 282
Bad Request: /api/channels/direct/
[04/May/2026 14:04:24] "POST /api/channels/direct/ HTTP/1.1" 400 36
Not Found: /api/channels//messages/
[04/May/2026 14:04:24] "POST /api/channels//messages/ HTTP/1.1" 404 24865
Not Found: /api/channels//messages/
[04/May/2026 14:04:25] "GET /api/channels//messages/ HTTP/1.1" 404 24864
[04/May/2026 14:04:25] "POST /api/projects/ HTTP/1.1" 201 528
[04/May/2026 14:04:25] "POST /api/projects/61f3fb8c-b234-47ed-ab5d-da41b229ac88/channels/ HTTP/1.1" 201 232
[04/May/2026 14:04:26] "POST /api/auth/login/ HTTP/1.1" 200 570
Forbidden: /api/channels/67b588da-8080-4ae1-bfd2-c3ba8b631c10/messages/
[04/May/2026 14:04:26] "GET /api/channels/67b588da-8080-4ae1-bfd2-c3ba8b631c10/messages/ HTTP/1.1" 403 37
[04/May/2026 14:04:33] "POST /api/auth/register/ HTTP/1.1" 201 67
[04/May/2026 14:04:34] "POST /api/auth/register/ HTTP/1.1" 201 67
[04/May/2026 14:04:35] "POST /api/auth/login/ HTTP/1.1" 200 570
[04/May/2026 14:04:35] "POST /api/orgs/organizations/ HTTP/1.1" 201 121
[04/May/2026 14:04:35] "POST /api/orgs/workspaces/ HTTP/1.1" 201 152
[04/May/2026 14:04:36] "POST /api/projects/ HTTP/1.1" 201 524
[04/May/2026 14:04:36] "POST /api/workspaces/fd2167f8-18dd-415c-be9e-cf685821024d/channels/ HTTP/1.1" 201 248
[04/May/2026 14:04:36] "GET /api/workspaces/fd2167f8-18dd-415c-be9e-cf685821024d/channels/ HTTP/1.1" 200 250
[04/May/2026 14:04:36] "POST /api/projects/3b75896b-3b8f-494a-b2d8-f705ad13c5d1/channels/ HTTP/1.1" 201 250
[04/May/2026 14:04:36] "GET /api/projects/3b75896b-3b8f-494a-b2d8-f705ad13c5d1/channels/ HTTP/1.1" 200 252
[04/May/2026 14:04:36] "POST /api/channels/13894470-3dad-43e0-98e4-fc195b44f372/messages/ HTTP/1.1" 201 280
[04/May/2026 14:04:36] "GET /api/channels/13894470-3dad-43e0-98e4-fc195b44f372/messages/ HTTP/1.1" 200 282
Bad Request: /api/channels/direct/
[04/May/2026 14:04:36] "POST /api/channels/direct/ HTTP/1.1" 400 36
Not Found: /api/channels//messages/
[04/May/2026 14:04:36] "POST /api/channels//messages/ HTTP/1.1" 404 24865
Not Found: /api/channels//messages/
[04/May/2026 14:04:36] "GET /api/channels//messages/ HTTP/1.1" 404 24864
[04/May/2026 14:04:37] "POST /api/projects/ HTTP/1.1" 201 528
[04/May/2026 14:04:37] "POST /api/projects/d1c1474f-8ffe-419c-a190-d3947576d3e8/channels/ HTTP/1.1" 201 232
[04/May/2026 14:04:38] "POST /api/auth/login/ HTTP/1.1" 200 570
Forbidden: /api/channels/4c1c67eb-9d72-4d90-ab96-b6a9e832c55a/messages/
[04/May/2026 14:04:38] "GET /api/channels/4c1c67eb-9d72-4d90-ab96-b6a9e832c55a/messages/ HTTP/1.1" 403 37
[04/May/2026 14:05:28] "POST /api/auth/register/ HTTP/1.1" 201 67
[04/May/2026 14:05:29] "POST /api/auth/register/ HTTP/1.1" 201 67
[04/May/2026 14:05:30] "POST /api/auth/login/ HTTP/1.1" 200 570
[04/May/2026 14:05:30] "POST /api/orgs/organizations/ HTTP/1.1" 201 121
[04/May/2026 14:05:30] "POST /api/orgs/workspaces/ HTTP/1.1" 201 152
[04/May/2026 14:05:30] "POST /api/projects/ HTTP/1.1" 201 524
[04/May/2026 14:05:31] "POST /api/workspaces/88f91f08-2b12-40a3-b66c-2a70f6422c5a/channels/ HTTP/1.1" 201 248
[04/May/2026 14:05:31] "GET /api/workspaces/88f91f08-2b12-40a3-b66c-2a70f6422c5a/channels/ HTTP/1.1" 200 250
[04/May/2026 14:05:31] "POST /api/projects/9864a03e-2a98-4f3b-bdd6-93444a36fa07/channels/ HTTP/1.1" 201 250
[04/May/2026 14:05:31] "GET /api/projects/9864a03e-2a98-4f3b-bdd6-93444a36fa07/channels/ HTTP/1.1" 200 252
[04/May/2026 14:05:31] "POST /api/channels/9024f993-83e8-46a3-8ca5-0994b339e482/messages/ HTTP/1.1" 201 280
[04/May/2026 14:05:31] "GET /api/channels/9024f993-83e8-46a3-8ca5-0994b339e482/messages/ HTTP/1.1" 200 282
Bad Request: /api/channels/direct/
[04/May/2026 14:05:31] "POST /api/channels/direct/ HTTP/1.1" 400 36
Not Found: /api/channels//messages/
[04/May/2026 14:05:31] "POST /api/channels//messages/ HTTP/1.1" 404 24865
Not Found: /api/channels//messages/
[04/May/2026 14:05:31] "GET /api/channels//messages/ HTTP/1.1" 404 24864
[04/May/2026 14:05:31] "POST /api/projects/ HTTP/1.1" 201 528
[04/May/2026 14:05:31] "POST /api/projects/3b76730a-04ff-4d61-9c44-e03338f6e7fc/channels/ HTTP/1.1" 201 232
[04/May/2026 14:05:32] "POST /api/auth/login/ HTTP/1.1" 200 570
Forbidden: /api/channels/03f341a8-3262-4ef1-9f74-3d0b104398c4/messages/
[04/May/2026 14:05:32] "GET /api/channels/03f341a8-3262-4ef1-9f74-3d0b104398c4/messages/ HTTP/1.1" 403 37
[04/May/2026 14:05:41] "POST /api/auth/register/ HTTP/1.1" 201 67
[04/May/2026 14:05:42] "POST /api/auth/register/ HTTP/1.1" 201 67
[04/May/2026 14:05:43] "POST /api/auth/login/ HTTP/1.1" 200 570
[04/May/2026 14:05:43] "POST /api/orgs/organizations/ HTTP/1.1" 201 121
[04/May/2026 14:05:43] "POST /api/orgs/workspaces/ HTTP/1.1" 201 152
[04/May/2026 14:05:44] "POST /api/projects/ HTTP/1.1" 201 524
[04/May/2026 14:05:44] "POST /api/workspaces/2d94eabf-49dc-4ff9-a426-a486455b1f67/channels/ HTTP/1.1" 201 248
[04/May/2026 14:05:44] "GET /api/workspaces/2d94eabf-49dc-4ff9-a426-a486455b1f67/channels/ HTTP/1.1" 200 250
[04/May/2026 14:05:44] "POST /api/projects/4e1ff430-f272-45d1-99a1-d4038fa965e3/channels/ HTTP/1.1" 201 250
[04/May/2026 14:05:44] "GET /api/projects/4e1ff430-f272-45d1-99a1-d4038fa965e3/channels/ HTTP/1.1" 200 252
[04/May/2026 14:05:44] "POST /api/channels/fe31db9b-1c26-45a4-a540-b6a5960b1268/messages/ HTTP/1.1" 201 280
[04/May/2026 14:05:44] "GET /api/channels/fe31db9b-1c26-45a4-a540-b6a5960b1268/messages/ HTTP/1.1" 200 282
Bad Request: /api/channels/direct/
[04/May/2026 14:05:44] "POST /api/channels/direct/ HTTP/1.1" 400 36
Not Found: /api/channels//messages/
[04/May/2026 14:05:44] "POST /api/channels//messages/ HTTP/1.1" 404 24865
Not Found: /api/channels//messages/
[04/May/2026 14:05:44] "GET /api/channels//messages/ HTTP/1.1" 404 24864
[04/May/2026 14:05:44] "POST /api/projects/ HTTP/1.1" 201 528
[04/May/2026 14:05:45] "POST /api/projects/1720ad19-65f2-443e-a134-ae20b42147a3/channels/ HTTP/1.1" 201 232
[04/May/2026 14:05:46] "POST /api/auth/login/ HTTP/1.1" 200 570
Forbidden: /api/channels/caf6bfd9-e29c-46ff-870e-ad4720e64f42/messages/
[04/May/2026 14:05:46] "GET /api/channels/caf6bfd9-e29c-46ff-870e-ad4720e64f42/messages/ HTTP/1.1" 403 37
[04/May/2026 14:06:14] "POST /api/auth/register/ HTTP/1.1" 201 67
[04/May/2026 14:06:15] "POST /api/auth/register/ HTTP/1.1" 201 67
[04/May/2026 14:06:16] "POST /api/auth/login/ HTTP/1.1" 200 570
[04/May/2026 14:06:16] "POST /api/orgs/organizations/ HTTP/1.1" 201 121
[04/May/2026 14:06:16] "POST /api/orgs/workspaces/ HTTP/1.1" 201 152
[04/May/2026 14:06:16] "POST /api/projects/ HTTP/1.1" 201 524
[04/May/2026 14:08:15] "GET /api/docs/ HTTP/1.1" 200 4639
/home/snofy/project_matier/PM-A-backend/accounts/views.py: Error [LogoutView]: unable to guess serializer. This is graceful fallback handling for APIViews. Consider using GenericAPIView as view base class, if view is under your control. Either way you may want to add a serializer_class (or method). Ignoring view for now.
/home/snofy/project_matier/PM-A-backend/accounts/views.py: Warning [LogoutView]: could not resolve authenticator <class 'accounts.authentication.JWTAuthentication'>. There was no OpenApiAuthenticationExtension registered for that class. Try creating one by subclassing it. Ignoring for now.
/home/snofy/project_matier/PM-A-backend/accounts/views.py: Error [MFASetupView]: unable to guess serializer. This is graceful fallback handling for APIViews. Consider using GenericAPIView as view base class, if view is under your control. Either way you may want to add a serializer_class (or method). Ignoring view for now.
/home/snofy/project_matier/PM-A-backend/accounts/views.py: Warning [MFASetupView]: could not resolve authenticator <class 'accounts.authentication.JWTAuthentication'>. There was no OpenApiAuthenticationExtension registered for that class. Try creating one by subclassing it. Ignoring for now.
/home/snofy/project_matier/PM-A-backend/accounts/views.py: Error [MFAVerifyView]: unable to guess serializer. This is graceful fallback handling for APIViews. Consider using GenericAPIView as view base class, if view is under your control. Either way you may want to add a serializer_class (or method). Ignoring view for now.
/home/snofy/project_matier/PM-A-backend/accounts/views.py: Warning [MFAVerifyView]: could not resolve authenticator <class 'accounts.authentication.JWTAuthentication'>. There was no OpenApiAuthenticationExtension registered for that class. Try creating one by subclassing it. Ignoring for now.
/home/snofy/project_matier/PM-A-backend/accounts/views.py: Error [OAuthLoginView]: unable to guess serializer. This is graceful fallback handling for APIViews. Consider using GenericAPIView as view base class, if view is under your control. Either way you may want to add a serializer_class (or method). Ignoring view for now.
/home/snofy/project_matier/PM-A-backend/accounts/views.py: Warning [OAuthLoginView]: could not resolve authenticator <class 'accounts.authentication.JWTAuthentication'>. There was no OpenApiAuthenticationExtension registered for that class. Try creating one by subclassing it. Ignoring for now.
/home/snofy/project_matier/PM-A-backend/accounts/views.py: Warning [RegisterView]: could not resolve authenticator <class 'accounts.authentication.JWTAuthentication'>. There was no OpenApiAuthenticationExtension registered for that class. Try creating one by subclassing it. Ignoring for now.
/home/snofy/project_matier/PM-A-backend/accounts/views.py: Error [PasswordResetRequestView]: unable to guess serializer. This is graceful fallback handling for APIViews. Consider using GenericAPIView as view base class, if view is under your control. Either way you may want to add a serializer_class (or method). Ignoring view for now.
/home/snofy/project_matier/PM-A-backend/accounts/views.py: Warning [PasswordResetRequestView]: could not resolve authenticator <class 'accounts.authentication.JWTAuthentication'>. There was no OpenApiAuthenticationExtension registered for that class. Try creating one by subclassing it. Ignoring for now.
/home/snofy/project_matier/PM-A-backend/accounts/views.py: Error [PasswordResetConfirmView]: unable to guess serializer. This is graceful fallback handling for APIViews. Consider using GenericAPIView as view base class, if view is under your control. Either way you may want to add a serializer_class (or method). Ignoring view for now.
/home/snofy/project_matier/PM-A-backend/accounts/views.py: Warning [PasswordResetConfirmView]: could not resolve authenticator <class 'accounts.authentication.JWTAuthentication'>. There was no OpenApiAuthenticationExtension registered for that class. Try creating one by subclassing it. Ignoring for now.
/home/snofy/project_matier/PM-A-backend/accounts/views.py: Error [PasswordResetVerifyOTPView]: unable to guess serializer. This is graceful fallback handling for APIViews. Consider using GenericAPIView as view base class, if view is under your control. Either way you may want to add a serializer_class (or method). Ignoring view for now.
/home/snofy/project_matier/PM-A-backend/accounts/views.py: Warning [PasswordResetVerifyOTPView]: could not resolve authenticator <class 'accounts.authentication.JWTAuthentication'>. There was no OpenApiAuthenticationExtension registered for that class. Try creating one by subclassing it. Ignoring for now.
/home/snofy/project_matier/PM-A-backend/accounts/views.py: Error [CookieTokenRefreshView]: unable to guess serializer. This is graceful fallback handling for APIViews. Consider using GenericAPIView as view base class, if view is under your control. Either way you may want to add a serializer_class (or method). Ignoring view for now.
/home/snofy/project_matier/PM-A-backend/accounts/views.py: Warning [CookieTokenRefreshView]: could not resolve authenticator <class 'accounts.authentication.JWTAuthentication'>. There was no OpenApiAuthenticationExtension registered for that class. Try creating one by subclassing it. Ignoring for now.
/home/snofy/project_matier/PM-A-backend/project/views.py: Error [BoardColumnDetailView]: unable to guess serializer. This is graceful fallback handling for APIViews. Consider using GenericAPIView as view base class, if view is under your control. Either way you may want to add a serializer_class (or method). Ignoring view for now.
/home/snofy/project_matier/PM-A-backend/project/views.py: Warning [BoardColumnDetailView]: could not resolve authenticator <class 'accounts.authentication.JWTAuthentication'>. There was no OpenApiAuthenticationExtension registered for that class. Try creating one by subclassing it. Ignoring for now.
/home/snofy/project_matier/PM-A-backend/collaboration/views.py: Error [ChatMessageListCreateView]: unable to guess serializer. This is graceful fallback handling for APIViews. Consider using GenericAPIView as view base class, if view is under your control. Either way you may want to add a serializer_class (or method). Ignoring view for now.
/home/snofy/project_matier/PM-A-backend/collaboration/views.py: Warning [ChatMessageListCreateView]: could not resolve authenticator <class 'accounts.authentication.JWTAuthentication'>. There was no OpenApiAuthenticationExtension registered for that class. Try creating one by subclassing it. Ignoring for now.
/home/snofy/project_matier/PM-A-backend/collaboration/views.py: Error [DirectChannelGetCreateView]: unable to guess serializer. This is graceful fallback handling for APIViews. Consider using GenericAPIView as view base class, if view is under your control. Either way you may want to add a serializer_class (or method). Ignoring view for now.
/home/snofy/project_matier/PM-A-backend/collaboration/views.py: Warning [DirectChannelGetCreateView]: could not resolve authenticator <class 'accounts.authentication.JWTAuthentication'>. There was no OpenApiAuthenticationExtension registered for that class. Try creating one by subclassing it. Ignoring for now.
/home/snofy/project_matier/PM-A-backend/core/views.py: Error [NotificationListView]: unable to guess serializer. This is graceful fallback handling for APIViews. Consider using GenericAPIView as view base class, if view is under your control. Either way you may want to add a serializer_class (or method). Ignoring view for now.
/home/snofy/project_matier/PM-A-backend/core/views.py: Warning [NotificationListView]: could not resolve authenticator <class 'accounts.authentication.JWTAuthentication'>. There was no OpenApiAuthenticationExtension registered for that class. Try creating one by subclassing it. Ignoring for now.
/home/snofy/project_matier/PM-A-backend/core/views.py: Error [MarkNotificationReadView]: unable to guess serializer. This is graceful fallback handling for APIViews. Consider using GenericAPIView as view base class, if view is under your control. Either way you may want to add a serializer_class (or method). Ignoring view for now.
/home/snofy/project_matier/PM-A-backend/core/views.py: Warning [MarkNotificationReadView]: could not resolve authenticator <class 'accounts.authentication.JWTAuthentication'>. There was no OpenApiAuthenticationExtension registered for that class. Try creating one by subclassing it. Ignoring for now.
/home/snofy/project_matier/PM-A-backend/core/views.py: Error [MarkAllNotificationsReadView]: unable to guess serializer. This is graceful fallback handling for APIViews. Consider using GenericAPIView as view base class, if view is under your control. Either way you may want to add a serializer_class (or method). Ignoring view for now.
/home/snofy/project_matier/PM-A-backend/core/views.py: Warning [MarkAllNotificationsReadView]: could not resolve authenticator <class 'accounts.authentication.JWTAuthentication'>. There was no OpenApiAuthenticationExtension registered for that class. Try creating one by subclassing it. Ignoring for now.
/home/snofy/project_matier/PM-A-backend/project/views.py: Error [DashboardView]: unable to guess serializer. This is graceful fallback handling for APIViews. Consider using GenericAPIView as view base class, if view is under your control. Either way you may want to add a serializer_class (or method). Ignoring view for now.
/home/snofy/project_matier/PM-A-backend/project/views.py: Warning [DashboardView]: could not resolve authenticator <class 'accounts.authentication.JWTAuthentication'>. There was no OpenApiAuthenticationExtension registered for that class. Try creating one by subclassing it. Ignoring for now.
/home/snofy/project_matier/PM-A-backend/project/views.py: Error [DashboardProjectsView]: unable to guess serializer. This is graceful fallback handling for APIViews. Consider using GenericAPIView as view base class, if view is under your control. Either way you may want to add a serializer_class (or method). Ignoring view for now.
/home/snofy/project_matier/PM-A-backend/project/views.py: Warning [DashboardProjectsView]: could not resolve authenticator <class 'accounts.authentication.JWTAuthentication'>. There was no OpenApiAuthenticationExtension registered for that class. Try creating one by subclassing it. Ignoring for now.
/home/snofy/project_matier/PM-A-backend/project/views.py: Error [RecentProjectsView]: unable to guess serializer. This is graceful fallback handling for APIViews. Consider using GenericAPIView as view base class, if view is under your control. Either way you may want to add a serializer_class (or method). Ignoring view for now.
/home/snofy/project_matier/PM-A-backend/project/views.py: Warning [RecentProjectsView]: could not resolve authenticator <class 'accounts.authentication.JWTAuthentication'>. There was no OpenApiAuthenticationExtension registered for that class. Try creating one by subclassing it. Ignoring for now.
/home/snofy/project_matier/PM-A-backend/project/views.py: Error [DashboardStatsView]: unable to guess serializer. This is graceful fallback handling for APIViews. Consider using GenericAPIView as view base class, if view is under your control. Either way you may want to add a serializer_class (or method). Ignoring view for now.
/home/snofy/project_matier/PM-A-backend/project/views.py: Warning [DashboardStatsView]: could not resolve authenticator <class 'accounts.authentication.JWTAuthentication'>. There was no OpenApiAuthenticationExtension registered for that class. Try creating one by subclassing it. Ignoring for now.
/home/snofy/project_matier/PM-A-backend/project/views.py: Error [health_check]: unable to guess serializer. This is graceful fallback handling for APIViews. Consider using GenericAPIView as view base class, if view is under your control. Either way you may want to add a serializer_class (or method). Ignoring view for now.
/home/snofy/project_matier/PM-A-backend/project/views.py: Warning [health_check]: could not resolve authenticator <class 'accounts.authentication.JWTAuthentication'>. There was no OpenApiAuthenticationExtension registered for that class. Try creating one by subclassing it. Ignoring for now.
/home/snofy/project_matier/PM-A-backend/orgs/views.py: Warning [InvitationViewSet]: could not resolve authenticator <class 'accounts.authentication.JWTAuthentication'>. There was no OpenApiAuthenticationExtension registered for that class. Try creating one by subclassing it. Ignoring for now.
/home/snofy/project_matier/PM-A-backend/orgs/views.py: Error [AcceptInvitationView]: unable to guess serializer. This is graceful fallback handling for APIViews. Consider using GenericAPIView as view base class, if view is under your control. Either way you may want to add a serializer_class (or method). Ignoring view for now.
/home/snofy/project_matier/PM-A-backend/orgs/views.py: Warning [AcceptInvitationView]: could not resolve authenticator <class 'accounts.authentication.JWTAuthentication'>. There was no OpenApiAuthenticationExtension registered for that class. Try creating one by subclassing it. Ignoring for now.
/home/snofy/project_matier/PM-A-backend/orgs/views.py: Warning [OrganizationViewSet]: could not resolve authenticator <class 'accounts.authentication.JWTAuthentication'>. There was no OpenApiAuthenticationExtension registered for that class. Try creating one by subclassing it. Ignoring for now.
/home/snofy/project_matier/PM-A-backend/orgs/views.py: Warning [OrganizationViewSet]: could not derive type of path parameter "id" because it is untyped and obtaining queryset from the viewset failed. Consider adding a type to the path (e.g. <int:id>) or annotating the parameter type with @extend_schema. Defaulting to "string".
/home/snofy/project_matier/PM-A-backend/project/views.py: Error [OrganizationReleaseListView]: unable to guess serializer. This is graceful fallback handling for APIViews. Consider using GenericAPIView as view base class, if view is under your control. Either way you may want to add a serializer_class (or method). Ignoring view for now.
/home/snofy/project_matier/PM-A-backend/project/views.py: Warning [OrganizationReleaseListView]: could not resolve authenticator <class 'accounts.authentication.JWTAuthentication'>. There was no OpenApiAuthenticationExtension registered for that class. Try creating one by subclassing it. Ignoring for now.
/home/snofy/project_matier/PM-A-backend/orgs/views.py: Error [OrganizationTreeView]: unable to guess serializer. This is graceful fallback handling for APIViews. Consider using GenericAPIView as view base class, if view is under your control. Either way you may want to add a serializer_class (or method). Ignoring view for now.
/home/snofy/project_matier/PM-A-backend/orgs/views.py: Warning [OrganizationTreeView]: could not resolve authenticator <class 'accounts.authentication.JWTAuthentication'>. There was no OpenApiAuthenticationExtension registered for that class. Try creating one by subclassing it. Ignoring for now.
/home/snofy/project_matier/PM-A-backend/orgs/views.py: Warning [WorkspaceViewSet]: could not resolve authenticator <class 'accounts.authentication.JWTAuthentication'>. There was no OpenApiAuthenticationExtension registered for that class. Try creating one by subclassing it. Ignoring for now.
/home/snofy/project_matier/PM-A-backend/orgs/views.py: Warning [WorkspaceViewSet]: could not derive type of path parameter "id" because it is untyped and obtaining queryset from the viewset failed. Consider adding a type to the path (e.g. <int:id>) or annotating the parameter type with @extend_schema. Defaulting to "string".
/home/snofy/project_matier/PM-A-backend/project/views.py: Error [ProjectListCreateView]: unable to guess serializer. This is graceful fallback handling for APIViews. Consider using GenericAPIView as view base class, if view is under your control. Either way you may want to add a serializer_class (or method). Ignoring view for now.
/home/snofy/project_matier/PM-A-backend/project/views.py: Warning [ProjectListCreateView]: could not resolve authenticator <class 'accounts.authentication.JWTAuthentication'>. There was no OpenApiAuthenticationExtension registered for that class. Try creating one by subclassing it. Ignoring for now.
/home/snofy/project_matier/PM-A-backend/project/views.py: Error [ProjectDetailView]: unable to guess serializer. This is graceful fallback handling for APIViews. Consider using GenericAPIView as view base class, if view is under your control. Either way you may want to add a serializer_class (or method). Ignoring view for now.
/home/snofy/project_matier/PM-A-backend/project/views.py: Warning [ProjectDetailView]: could not resolve authenticator <class 'accounts.authentication.JWTAuthentication'>. There was no OpenApiAuthenticationExtension registered for that class. Try creating one by subclassing it. Ignoring for now.
/home/snofy/project_matier/PM-A-backend/project/views.py: Error [ProjectArchiveView]: unable to guess serializer. This is graceful fallback handling for APIViews. Consider using GenericAPIView as view base class, if view is under your control. Either way you may want to add a serializer_class (or method). Ignoring view for now.
/home/snofy/project_matier/PM-A-backend/project/views.py: Warning [ProjectArchiveView]: could not resolve authenticator <class 'accounts.authentication.JWTAuthentication'>. There was no OpenApiAuthenticationExtension registered for that class. Try creating one by subclassing it. Ignoring for now.
/home/snofy/project_matier/PM-A-backend/tickets/views.py: Error [BacklogListCreateView]: unable to guess serializer. This is graceful fallback handling for APIViews. Consider using GenericAPIView as view base class, if view is under your control. Either way you may want to add a serializer_class (or method). Ignoring view for now.
/home/snofy/project_matier/PM-A-backend/tickets/views.py: Warning [BacklogListCreateView]: could not resolve authenticator <class 'accounts.authentication.JWTAuthentication'>. There was no OpenApiAuthenticationExtension registered for that class. Try creating one by subclassing it. Ignoring for now.
/home/snofy/project_matier/PM-A-backend/tickets/views.py: Error [BacklogDeleteView]: unable to guess serializer. This is graceful fallback handling for APIViews. Consider using GenericAPIView as view base class, if view is under your control. Either way you may want to add a serializer_class (or method). Ignoring view for now.
/home/snofy/project_matier/PM-A-backend/tickets/views.py: Warning [BacklogDeleteView]: could not resolve authenticator <class 'accounts.authentication.JWTAuthentication'>. There was no OpenApiAuthenticationExtension registered for that class. Try creating one by subclassing it. Ignoring for now.
/home/snofy/project_matier/PM-A-backend/tickets/views.py: Error [BacklogAddToSprintView]: unable to guess serializer. This is graceful fallback handling for APIViews. Consider using GenericAPIView as view base class, if view is under your control. Either way you may want to add a serializer_class (or method). Ignoring view for now.
/home/snofy/project_matier/PM-A-backend/tickets/views.py: Warning [BacklogAddToSprintView]: could not resolve authenticator <class 'accounts.authentication.JWTAuthentication'>. There was no OpenApiAuthenticationExtension registered for that class. Try creating one by subclassing it. Ignoring for now.
/home/snofy/project_matier/PM-A-backend/tickets/views.py: Error [BacklogPrioritizeView]: unable to guess serializer. This is graceful fallback handling for APIViews. Consider using GenericAPIView as view base class, if view is under your control. Either way you may want to add a serializer_class (or method). Ignoring view for now.
/home/snofy/project_matier/PM-A-backend/tickets/views.py: Warning [BacklogPrioritizeView]: could not resolve authenticator <class 'accounts.authentication.JWTAuthentication'>. There was no OpenApiAuthenticationExtension registered for that class. Try creating one by subclassing it. Ignoring for now.
/home/snofy/project_matier/PM-A-backend/project/views.py: Error [BoardView]: unable to guess serializer. This is graceful fallback handling for APIViews. Consider using GenericAPIView as view base class, if view is under your control. Either way you may want to add a serializer_class (or method). Ignoring view for now.
/home/snofy/project_matier/PM-A-backend/project/views.py: Warning [BoardView]: could not resolve authenticator <class 'accounts.authentication.JWTAuthentication'>. There was no OpenApiAuthenticationExtension registered for that class. Try creating one by subclassing it. Ignoring for now.
/home/snofy/project_matier/PM-A-backend/project/views.py: Error [BoardColumnCreateView]: unable to guess serializer. This is graceful fallback handling for APIViews. Consider using GenericAPIView as view base class, if view is under your control. Either way you may want to add a serializer_class (or method). Ignoring view for now.
/home/snofy/project_matier/PM-A-backend/project/views.py: Warning [BoardColumnCreateView]: could not resolve authenticator <class 'accounts.authentication.JWTAuthentication'>. There was no OpenApiAuthenticationExtension registered for that class. Try creating one by subclassing it. Ignoring for now.
/home/snofy/project_matier/PM-A-backend/project/views.py: Error [BoardConfigView]: unable to guess serializer. This is graceful fallback handling for APIViews. Consider using GenericAPIView as view base class, if view is under your control. Either way you may want to add a serializer_class (or method). Ignoring view for now.
/home/snofy/project_matier/PM-A-backend/project/views.py: Warning [BoardConfigView]: could not resolve authenticator <class 'accounts.authentication.JWTAuthentication'>. There was no OpenApiAuthenticationExtension registered for that class. Try creating one by subclassing it. Ignoring for now.
/home/snofy/project_matier/PM-A-backend/project/views.py: Error [BoardStatsView]: unable to guess serializer. This is graceful fallback handling for APIViews. Consider using GenericAPIView as view base class, if view is under your control. Either way you may want to add a serializer_class (or method). Ignoring view for now.
/home/snofy/project_matier/PM-A-backend/project/views.py: Warning [BoardStatsView]: could not resolve authenticator <class 'accounts.authentication.JWTAuthentication'>. There was no OpenApiAuthenticationExtension registered for that class. Try creating one by subclassing it. Ignoring for now.
/home/snofy/project_matier/PM-A-backend/project/views.py: Error [BoardTaskSummaryView]: unable to guess serializer. This is graceful fallback handling for APIViews. Consider using GenericAPIView as view base class, if view is under your control. Either way you may want to add a serializer_class (or method). Ignoring view for now.
/home/snofy/project_matier/PM-A-backend/project/views.py: Warning [BoardTaskSummaryView]: could not resolve authenticator <class 'accounts.authentication.JWTAuthentication'>. There was no OpenApiAuthenticationExtension registered for that class. Try creating one by subclassing it. Ignoring for now.
/home/snofy/project_matier/PM-A-backend/tickets/views.py: Error [TicketMoveView]: unable to guess serializer. This is graceful fallback handling for APIViews. Consider using GenericAPIView as view base class, if view is under your control. Either way you may want to add a serializer_class (or method). Ignoring view for now.
/home/snofy/project_matier/PM-A-backend/tickets/views.py: Warning [TicketMoveView]: could not resolve authenticator <class 'accounts.authentication.JWTAuthentication'>. There was no OpenApiAuthenticationExtension registered for that class. Try creating one by subclassing it. Ignoring for now.
/home/snofy/project_matier/PM-A-backend/tickets/views.py: Error [TicketMovementListView]: unable to guess serializer. This is graceful fallback handling for APIViews. Consider using GenericAPIView as view base class, if view is under your control. Either way you may want to add a serializer_class (or method). Ignoring view for now.
/home/snofy/project_matier/PM-A-backend/tickets/views.py: Warning [TicketMovementListView]: could not resolve authenticator <class 'accounts.authentication.JWTAuthentication'>. There was no OpenApiAuthenticationExtension registered for that class. Try creating one by subclassing it. Ignoring for now.
/home/snofy/project_matier/PM-A-backend/collaboration/views.py: Error [ProjectChannelListCreateView]: unable to guess serializer. This is graceful fallback handling for APIViews. Consider using GenericAPIView as view base class, if view is under your control. Either way you may want to add a serializer_class (or method). Ignoring view for now.
/home/snofy/project_matier/PM-A-backend/collaboration/views.py: Warning [ProjectChannelListCreateView]: could not resolve authenticator <class 'accounts.authentication.JWTAuthentication'>. There was no OpenApiAuthenticationExtension registered for that class. Try creating one by subclassing it. Ignoring for now.
/home/snofy/project_matier/PM-A-backend/project/views.py: Error [ProjectCloseView]: unable to guess serializer. This is graceful fallback handling for APIViews. Consider using GenericAPIView as view base class, if view is under your control. Either way you may want to add a serializer_class (or method). Ignoring view for now.
/home/snofy/project_matier/PM-A-backend/project/views.py: Warning [ProjectCloseView]: could not resolve authenticator <class 'accounts.authentication.JWTAuthentication'>. There was no OpenApiAuthenticationExtension registered for that class. Try creating one by subclassing it. Ignoring for now.
/home/snofy/project_matier/PM-A-backend/project/views.py: Error [ProjectDocumentListView]: unable to guess serializer. This is graceful fallback handling for APIViews. Consider using GenericAPIView as view base class, if view is under your control. Either way you may want to add a serializer_class (or method). Ignoring view for now.
/home/snofy/project_matier/PM-A-backend/project/views.py: Warning [ProjectDocumentListView]: could not resolve authenticator <class 'accounts.authentication.JWTAuthentication'>. There was no OpenApiAuthenticationExtension registered for that class. Try creating one by subclassing it. Ignoring for now.
/home/snofy/project_matier/PM-A-backend/project/views.py: Error [ProjectDocumentDetailView]: unable to guess serializer. This is graceful fallback handling for APIViews. Consider using GenericAPIView as view base class, if view is under your control. Either way you may want to add a serializer_class (or method). Ignoring view for now.
/home/snofy/project_matier/PM-A-backend/project/views.py: Warning [ProjectDocumentDetailView]: could not resolve authenticator <class 'accounts.authentication.JWTAuthentication'>. There was no OpenApiAuthenticationExtension registered for that class. Try creating one by subclassing it. Ignoring for now.
/home/snofy/project_matier/PM-A-backend/project/views.py: Error [ProjectFileListView]: unable to guess serializer. This is graceful fallback handling for APIViews. Consider using GenericAPIView as view base class, if view is under your control. Either way you may want to add a serializer_class (or method). Ignoring view for now.
/home/snofy/project_matier/PM-A-backend/project/views.py: Warning [ProjectFileListView]: could not resolve authenticator <class 'accounts.authentication.JWTAuthentication'>. There was no OpenApiAuthenticationExtension registered for that class. Try creating one by subclassing it. Ignoring for now.
/home/snofy/project_matier/PM-A-backend/project/views.py: Error [ProjectFileDetailView]: unable to guess serializer. This is graceful fallback handling for APIViews. Consider using GenericAPIView as view base class, if view is under your control. Either way you may want to add a serializer_class (or method). Ignoring view for now.
/home/snofy/project_matier/PM-A-backend/project/views.py: Warning [ProjectFileDetailView]: could not resolve authenticator <class 'accounts.authentication.JWTAuthentication'>. There was no OpenApiAuthenticationExtension registered for that class. Try creating one by subclassing it. Ignoring for now.
/home/snofy/project_matier/PM-A-backend/project/views.py: Error [ProjectMembersView]: unable to guess serializer. This is graceful fallback handling for APIViews. Consider using GenericAPIView as view base class, if view is under your control. Either way you may want to add a serializer_class (or method). Ignoring view for now.
/home/snofy/project_matier/PM-A-backend/project/views.py: Warning [ProjectMembersView]: could not resolve authenticator <class 'accounts.authentication.JWTAuthentication'>. There was no OpenApiAuthenticationExtension registered for that class. Try creating one by subclassing it. Ignoring for now.
/home/snofy/project_matier/PM-A-backend/project/views.py: Error [MemberProgressReportView]: unable to guess serializer. This is graceful fallback handling for APIViews. Consider using GenericAPIView as view base class, if view is under your control. Either way you may want to add a serializer_class (or method). Ignoring view for now.
/home/snofy/project_matier/PM-A-backend/project/views.py: Warning [MemberProgressReportView]: could not resolve authenticator <class 'accounts.authentication.JWTAuthentication'>. There was no OpenApiAuthenticationExtension registered for that class. Try creating one by subclassing it. Ignoring for now.
/home/snofy/project_matier/PM-A-backend/tickets/views.py: Error [ReleaseListCreateView]: unable to guess serializer. This is graceful fallback handling for APIViews. Consider using GenericAPIView as view base class, if view is under your control. Either way you may want to add a serializer_class (or method). Ignoring view for now.
/home/snofy/project_matier/PM-A-backend/tickets/views.py: Warning [ReleaseListCreateView]: could not resolve authenticator <class 'accounts.authentication.JWTAuthentication'>. There was no OpenApiAuthenticationExtension registered for that class. Try creating one by subclassing it. Ignoring for now.
/home/snofy/project_matier/PM-A-backend/tickets/views.py: Error [ReleaseDetailView]: unable to guess serializer. This is graceful fallback handling for APIViews. Consider using GenericAPIView as view base class, if view is under your control. Either way you may want to add a serializer_class (or method). Ignoring view for now.
/home/snofy/project_matier/PM-A-backend/tickets/views.py: Warning [ReleaseDetailView]: could not resolve authenticator <class 'accounts.authentication.JWTAuthentication'>. There was no OpenApiAuthenticationExtension registered for that class. Try creating one by subclassing it. Ignoring for now.
/home/snofy/project_matier/PM-A-backend/tickets/views.py: Error [ReleaseCloseView]: unable to guess serializer. This is graceful fallback handling for APIViews. Consider using GenericAPIView as view base class, if view is under your control. Either way you may want to add a serializer_class (or method). Ignoring view for now.
/home/snofy/project_matier/PM-A-backend/tickets/views.py: Warning [ReleaseCloseView]: could not resolve authenticator <class 'accounts.authentication.JWTAuthentication'>. There was no OpenApiAuthenticationExtension registered for that class. Try creating one by subclassing it. Ignoring for now.
/home/snofy/project_matier/PM-A-backend/tickets/views.py: Error [ReleaseDashboardView]: unable to guess serializer. This is graceful fallback handling for APIViews. Consider using GenericAPIView as view base class, if view is under your control. Either way you may want to add a serializer_class (or method). Ignoring view for now.
/home/snofy/project_matier/PM-A-backend/tickets/views.py: Warning [ReleaseDashboardView]: could not resolve authenticator <class 'accounts.authentication.JWTAuthentication'>. There was no OpenApiAuthenticationExtension registered for that class. Try creating one by subclassing it. Ignoring for now.
/home/snofy/project_matier/PM-A-backend/tickets/views.py: Error [ReleaseIssuesSummaryView]: unable to guess serializer. This is graceful fallback handling for APIViews. Consider using GenericAPIView as view base class, if view is under your control. Either way you may want to add a serializer_class (or method). Ignoring view for now.
/home/snofy/project_matier/PM-A-backend/tickets/views.py: Warning [ReleaseIssuesSummaryView]: could not resolve authenticator <class 'accounts.authentication.JWTAuthentication'>. There was no OpenApiAuthenticationExtension registered for that class. Try creating one by subclassing it. Ignoring for now.
/home/snofy/project_matier/PM-A-backend/project/views.py: Error [ProjectProgressReportView]: unable to guess serializer. This is graceful fallback handling for APIViews. Consider using GenericAPIView as view base class, if view is under your control. Either way you may want to add a serializer_class (or method). Ignoring view for now.
/home/snofy/project_matier/PM-A-backend/project/views.py: Warning [ProjectProgressReportView]: could not resolve authenticator <class 'accounts.authentication.JWTAuthentication'>. There was no OpenApiAuthenticationExtension registered for that class. Try creating one by subclassing it. Ignoring for now.
/home/snofy/project_matier/PM-A-backend/role/views.py: Error [RoleListCreateView]: unable to guess serializer. This is graceful fallback handling for APIViews. Consider using GenericAPIView as view base class, if view is under your control. Either way you may want to add a serializer_class (or method). Ignoring view for now.
/home/snofy/project_matier/PM-A-backend/role/views.py: Warning [RoleListCreateView]: could not resolve authenticator <class 'accounts.authentication.JWTAuthentication'>. There was no OpenApiAuthenticationExtension registered for that class. Try creating one by subclassing it. Ignoring for now.
/home/snofy/project_matier/PM-A-backend/role/views.py: Error [RoleDetailView]: unable to guess serializer. This is graceful fallback handling for APIViews. Consider using GenericAPIView as view base class, if view is under your control. Either way you may want to add a serializer_class (or method). Ignoring view for now.
/home/snofy/project_matier/PM-A-backend/role/views.py: Warning [RoleDetailView]: could not resolve authenticator <class 'accounts.authentication.JWTAuthentication'>. There was no OpenApiAuthenticationExtension registered for that class. Try creating one by subclassing it. Ignoring for now.
/home/snofy/project_matier/PM-A-backend/project/views.py: Error [SprintListCreateView]: unable to guess serializer. This is graceful fallback handling for APIViews. Consider using GenericAPIView as view base class, if view is under your control. Either way you may want to add a serializer_class (or method). Ignoring view for now.
/home/snofy/project_matier/PM-A-backend/project/views.py: Warning [SprintListCreateView]: could not resolve authenticator <class 'accounts.authentication.JWTAuthentication'>. There was no OpenApiAuthenticationExtension registered for that class. Try creating one by subclassing it. Ignoring for now.
/home/snofy/project_matier/PM-A-backend/project/views.py: Error [SprintDetailView]: unable to guess serializer. This is graceful fallback handling for APIViews. Consider using GenericAPIView as view base class, if view is under your control. Either way you may want to add a serializer_class (or method). Ignoring view for now.
/home/snofy/project_matier/PM-A-backend/project/views.py: Warning [SprintDetailView]: could not resolve authenticator <class 'accounts.authentication.JWTAuthentication'>. There was no OpenApiAuthenticationExtension registered for that class. Try creating one by subclassing it. Ignoring for now.
/home/snofy/project_matier/PM-A-backend/project/views.py: Error [SprintCompleteView]: unable to guess serializer. This is graceful fallback handling for APIViews. Consider using GenericAPIView as view base class, if view is under your control. Either way you may want to add a serializer_class (or method). Ignoring view for now.
/home/snofy/project_matier/PM-A-backend/project/views.py: Warning [SprintCompleteView]: could not resolve authenticator <class 'accounts.authentication.JWTAuthentication'>. There was no OpenApiAuthenticationExtension registered for that class. Try creating one by subclassing it. Ignoring for now.
/home/snofy/project_matier/PM-A-backend/project/views.py: Error [SprintReportView]: unable to guess serializer. This is graceful fallback handling for APIViews. Consider using GenericAPIView as view base class, if view is under your control. Either way you may want to add a serializer_class (or method). Ignoring view for now.
/home/snofy/project_matier/PM-A-backend/project/views.py: Warning [SprintReportView]: could not resolve authenticator <class 'accounts.authentication.JWTAuthentication'>. There was no OpenApiAuthenticationExtension registered for that class. Try creating one by subclassing it. Ignoring for now.
/home/snofy/project_matier/PM-A-backend/project/views.py: Error [SprintProgressReportView]: unable to guess serializer. This is graceful fallback handling for APIViews. Consider using GenericAPIView as view base class, if view is under your control. Either way you may want to add a serializer_class (or method). Ignoring view for now.
/home/snofy/project_matier/PM-A-backend/project/views.py: Warning [SprintProgressReportView]: could not resolve authenticator <class 'accounts.authentication.JWTAuthentication'>. There was no OpenApiAuthenticationExtension registered for that class. Try creating one by subclassing it. Ignoring for now.
/home/snofy/project_matier/PM-A-backend/project/views.py: Error [SprintStartView]: unable to guess serializer. This is graceful fallback handling for APIViews. Consider using GenericAPIView as view base class, if view is under your control. Either way you may want to add a serializer_class (or method). Ignoring view for now.
/home/snofy/project_matier/PM-A-backend/project/views.py: Warning [SprintStartView]: could not resolve authenticator <class 'accounts.authentication.JWTAuthentication'>. There was no OpenApiAuthenticationExtension registered for that class. Try creating one by subclassing it. Ignoring for now.
/home/snofy/project_matier/PM-A-backend/tickets/views.py: Error [ProjectTicketListCreateView]: unable to guess serializer. This is graceful fallback handling for APIViews. Consider using GenericAPIView as view base class, if view is under your control. Either way you may want to add a serializer_class (or method). Ignoring view for now.
/home/snofy/project_matier/PM-A-backend/tickets/views.py: Warning [ProjectTicketListCreateView]: could not resolve authenticator <class 'accounts.authentication.JWTAuthentication'>. There was no OpenApiAuthenticationExtension registered for that class. Try creating one by subclassing it. Ignoring for now.
/home/snofy/project_matier/PM-A-backend/tickets/views.py: Error [TicketDetailView]: unable to guess serializer. This is graceful fallback handling for APIViews. Consider using GenericAPIView as view base class, if view is under your control. Either way you may want to add a serializer_class (or method). Ignoring view for now.
/home/snofy/project_matier/PM-A-backend/tickets/views.py: Warning [TicketDetailView]: could not resolve authenticator <class 'accounts.authentication.JWTAuthentication'>. There was no OpenApiAuthenticationExtension registered for that class. Try creating one by subclassing it. Ignoring for now.
/home/snofy/project_matier/PM-A-backend/tickets/views.py: Error [TicketAssigneeListCreateView]: unable to guess serializer. This is graceful fallback handling for APIViews. Consider using GenericAPIView as view base class, if view is under your control. Either way you may want to add a serializer_class (or method). Ignoring view for now.
/home/snofy/project_matier/PM-A-backend/tickets/views.py: Warning [TicketAssigneeListCreateView]: could not resolve authenticator <class 'accounts.authentication.JWTAuthentication'>. There was no OpenApiAuthenticationExtension registered for that class. Try creating one by subclassing it. Ignoring for now.
/home/snofy/project_matier/PM-A-backend/tickets/views.py: Error [TicketAssigneeDeleteView]: unable to guess serializer. This is graceful fallback handling for APIViews. Consider using GenericAPIView as view base class, if view is under your control. Either way you may want to add a serializer_class (or method). Ignoring view for now.
/home/snofy/project_matier/PM-A-backend/tickets/views.py: Warning [TicketAssigneeDeleteView]: could not resolve authenticator <class 'accounts.authentication.JWTAuthentication'>. There was no OpenApiAuthenticationExtension registered for that class. Try creating one by subclassing it. Ignoring for now.
/home/snofy/project_matier/PM-A-backend/tickets/views.py: Error [TicketAttachmentListCreateView]: unable to guess serializer. This is graceful fallback handling for APIViews. Consider using GenericAPIView as view base class, if view is under your control. Either way you may want to add a serializer_class (or method). Ignoring view for now.
/home/snofy/project_matier/PM-A-backend/tickets/views.py: Warning [TicketAttachmentListCreateView]: could not resolve authenticator <class 'accounts.authentication.JWTAuthentication'>. There was no OpenApiAuthenticationExtension registered for that class. Try creating one by subclassing it. Ignoring for now.
/home/snofy/project_matier/PM-A-backend/tickets/views.py: Error [TicketAttachmentDeleteView]: unable to guess serializer. This is graceful fallback handling for APIViews. Consider using GenericAPIView as view base class, if view is under your control. Either way you may want to add a serializer_class (or method). Ignoring view for now.
/home/snofy/project_matier/PM-A-backend/tickets/views.py: Warning [TicketAttachmentDeleteView]: could not resolve authenticator <class 'accounts.authentication.JWTAuthentication'>. There was no OpenApiAuthenticationExtension registered for that class. Try creating one by subclassing it. Ignoring for now.
/home/snofy/project_matier/PM-A-backend/collaboration/views.py: Error [CommentListCreateView]: unable to guess serializer. This is graceful fallback handling for APIViews. Consider using GenericAPIView as view base class, if view is under your control. Either way you may want to add a serializer_class (or method). Ignoring view for now.
/home/snofy/project_matier/PM-A-backend/collaboration/views.py: Warning [CommentListCreateView]: could not resolve authenticator <class 'accounts.authentication.JWTAuthentication'>. There was no OpenApiAuthenticationExtension registered for that class. Try creating one by subclassing it. Ignoring for now.
/home/snofy/project_matier/PM-A-backend/collaboration/views.py: Error [CommentDetailView]: unable to guess serializer. This is graceful fallback handling for APIViews. Consider using GenericAPIView as view base class, if view is under your control. Either way you may want to add a serializer_class (or method). Ignoring view for now.
/home/snofy/project_matier/PM-A-backend/collaboration/views.py: Warning [CommentDetailView]: could not resolve authenticator <class 'accounts.authentication.JWTAuthentication'>. There was no OpenApiAuthenticationExtension registered for that class. Try creating one by subclassing it. Ignoring for now.
/home/snofy/project_matier/PM-A-backend/collaboration/views.py: Error [ReactionListCreateView]: unable to guess serializer. This is graceful fallback handling for APIViews. Consider using GenericAPIView as view base class, if view is under your control. Either way you may want to add a serializer_class (or method). Ignoring view for now.
/home/snofy/project_matier/PM-A-backend/collaboration/views.py: Warning [ReactionListCreateView]: could not resolve authenticator <class 'accounts.authentication.JWTAuthentication'>. There was no OpenApiAuthenticationExtension registered for that class. Try creating one by subclassing it. Ignoring for now.
/home/snofy/project_matier/PM-A-backend/collaboration/views.py: Error [ReactionDeleteView]: unable to guess serializer. This is graceful fallback handling for APIViews. Consider using GenericAPIView as view base class, if view is under your control. Either way you may want to add a serializer_class (or method). Ignoring view for now.
/home/snofy/project_matier/PM-A-backend/collaboration/views.py: Warning [ReactionDeleteView]: could not resolve authenticator <class 'accounts.authentication.JWTAuthentication'>. There was no OpenApiAuthenticationExtension registered for that class. Try creating one by subclassing it. Ignoring for now.
/home/snofy/project_matier/PM-A-backend/tickets/views.py: Error [TicketLabelsView]: unable to guess serializer. This is graceful fallback handling for APIViews. Consider using GenericAPIView as view base class, if view is under your control. Either way you may want to add a serializer_class (or method). Ignoring view for now.
/home/snofy/project_matier/PM-A-backend/tickets/views.py: Warning [TicketLabelsView]: could not resolve authenticator <class 'accounts.authentication.JWTAuthentication'>. There was no OpenApiAuthenticationExtension registered for that class. Try creating one by subclassing it. Ignoring for now.
/home/snofy/project_matier/PM-A-backend/tickets/views.py: Error [TicketLinkListCreateView]: unable to guess serializer. This is graceful fallback handling for APIViews. Consider using GenericAPIView as view base class, if view is under your control. Either way you may want to add a serializer_class (or method). Ignoring view for now.
/home/snofy/project_matier/PM-A-backend/tickets/views.py: Warning [TicketLinkListCreateView]: could not resolve authenticator <class 'accounts.authentication.JWTAuthentication'>. There was no OpenApiAuthenticationExtension registered for that class. Try creating one by subclassing it. Ignoring for now.
/home/snofy/project_matier/PM-A-backend/tickets/views.py: Error [TicketLinkDeleteView]: unable to guess serializer. This is graceful fallback handling for APIViews. Consider using GenericAPIView as view base class, if view is under your control. Either way you may want to add a serializer_class (or method). Ignoring view for now.
/home/snofy/project_matier/PM-A-backend/tickets/views.py: Warning [TicketLinkDeleteView]: could not resolve authenticator <class 'accounts.authentication.JWTAuthentication'>. There was no OpenApiAuthenticationExtension registered for that class. Try creating one by subclassing it. Ignoring for now.
/home/snofy/project_matier/PM-A-backend/tickets/views.py: Error [TicketStatusView]: unable to guess serializer. This is graceful fallback handling for APIViews. Consider using GenericAPIView as view base class, if view is under your control. Either way you may want to add a serializer_class (or method). Ignoring view for now.
/home/snofy/project_matier/PM-A-backend/tickets/views.py: Warning [TicketStatusView]: could not resolve authenticator <class 'accounts.authentication.JWTAuthentication'>. There was no OpenApiAuthenticationExtension registered for that class. Try creating one by subclassing it. Ignoring for now.
/home/snofy/project_matier/PM-A-backend/tickets/views.py: Error [TicketTimeEntryListCreateView]: unable to guess serializer. This is graceful fallback handling for APIViews. Consider using GenericAPIView as view base class, if view is under your control. Either way you may want to add a serializer_class (or method). Ignoring view for now.
/home/snofy/project_matier/PM-A-backend/tickets/views.py: Warning [TicketTimeEntryListCreateView]: could not resolve authenticator <class 'accounts.authentication.JWTAuthentication'>. There was no OpenApiAuthenticationExtension registered for that class. Try creating one by subclassing it. Ignoring for now.
/home/snofy/project_matier/PM-A-backend/.venv/lib/python3.12/site-packages/drf_spectacular/views.py: Warning [SpectacularAPIView]: could not resolve authenticator <class 'accounts.authentication.JWTAuthentication'>. There was no OpenApiAuthenticationExtension registered for that class. Try creating one by subclassing it. Ignoring for now.
/home/snofy/project_matier/PM-A-backend/tickets/views.py: Error [GlobalTicketListView]: unable to guess serializer. This is graceful fallback handling for APIViews. Consider using GenericAPIView as view base class, if view is under your control. Either way you may want to add a serializer_class (or method). Ignoring view for now.
/home/snofy/project_matier/PM-A-backend/tickets/views.py: Warning [GlobalTicketListView]: could not resolve authenticator <class 'accounts.authentication.JWTAuthentication'>. There was no OpenApiAuthenticationExtension registered for that class. Try creating one by subclassing it. Ignoring for now.
/home/snofy/project_matier/PM-A-backend/project/views.py: Error [UserListView]: unable to guess serializer. This is graceful fallback handling for APIViews. Consider using GenericAPIView as view base class, if view is under your control. Either way you may want to add a serializer_class (or method). Ignoring view for now.
/home/snofy/project_matier/PM-A-backend/project/views.py: Warning [UserListView]: could not resolve authenticator <class 'accounts.authentication.JWTAuthentication'>. There was no OpenApiAuthenticationExtension registered for that class. Try creating one by subclassing it. Ignoring for now.
/home/snofy/project_matier/PM-A-backend/project/views.py: Error [UserDetailView]: unable to guess serializer. This is graceful fallback handling for APIViews. Consider using GenericAPIView as view base class, if view is under your control. Either way you may want to add a serializer_class (or method). Ignoring view for now.
/home/snofy/project_matier/PM-A-backend/project/views.py: Warning [UserDetailView]: could not resolve authenticator <class 'accounts.authentication.JWTAuthentication'>. There was no OpenApiAuthenticationExtension registered for that class. Try creating one by subclassing it. Ignoring for now.
/home/snofy/project_matier/PM-A-backend/project/views.py: Error [CurrentUserProfileView]: unable to guess serializer. This is graceful fallback handling for APIViews. Consider using GenericAPIView as view base class, if view is under your control. Either way you may want to add a serializer_class (or method). Ignoring view for now.
/home/snofy/project_matier/PM-A-backend/project/views.py: Warning [CurrentUserProfileView]: could not resolve authenticator <class 'accounts.authentication.JWTAuthentication'>. There was no OpenApiAuthenticationExtension registered for that class. Try creating one by subclassing it. Ignoring for now.
/home/snofy/project_matier/PM-A-backend/collaboration/views.py: Error [WorkspaceChannelListCreateView]: unable to guess serializer. This is graceful fallback handling for APIViews. Consider using GenericAPIView as view base class, if view is under your control. Either way you may want to add a serializer_class (or method). Ignoring view for now.
/home/snofy/project_matier/PM-A-backend/collaboration/views.py: Warning [WorkspaceChannelListCreateView]: could not resolve authenticator <class 'accounts.authentication.JWTAuthentication'>. There was no OpenApiAuthenticationExtension registered for that class. Try creating one by subclassing it. Ignoring for now.
Warning: operationId "projects_retrieve" has collisions [('/api/projects/', 'get'), ('/api/projects/{project_id}/', 'get')]. resolving with numeral suffixes.
Warning: operationId "projects_documents_retrieve" has collisions [('/api/projects/{project_id}/documents/', 'get'), ('/api/projects/{project_id}/documents/{document_id}/', 'get')]. resolving with numeral suffixes.
Warning: operationId "projects_files_retrieve" has collisions [('/api/projects/{project_id}/files/', 'get'), ('/api/projects/{project_id}/files/{file_id}/', 'get')]. resolving with numeral suffixes.
Warning: operationId "projects_releases_retrieve" has collisions [('/api/projects/{project_id}/releases/', 'get'), ('/api/projects/{project_id}/releases/{release_id}/', 'get')]. resolving with numeral suffixes.
Warning: operationId "projects_sprints_retrieve" has collisions [('/api/projects/{project_id}/sprints/', 'get'), ('/api/projects/{project_id}/sprints/{sprint_id}/', 'get')]. resolving with numeral suffixes.
Warning: operationId "projects_tickets_retrieve" has collisions [('/api/projects/{project_id}/tickets/', 'get'), ('/api/projects/{project_id}/tickets/{ticket_id}/', 'get')]. resolving with numeral suffixes.
Warning: operationId "users_retrieve" has collisions [('/api/users/', 'get'), ('/api/users/{user_id}/', 'get')]. resolving with numeral suffixes.
[04/May/2026 14:08:17] "GET /api/schema/ HTTP/1.1" 200 155650
/home/snofy/project_matier/PM-A-backend/collaboration/models.py changed, reloading.
Performing system checks...

System check identified no issues (0 silenced).
May 04, 2026 - 13:44:27
Django version 6.0.4, using settings 'config.settings'
Starting development server at http://0.0.0.0:8000/
Quit the server with CONTROL-C.

WARNING: This is a development server. Do not use it in a production setting. Use a production WSGI or ASGI server instead.
For more information on production servers see: https://docs.djangoproject.com/en/6.0/howto/deployment/
Watching for file changes with StatReloader
/home/snofy/project_matier/PM-A-backend/collaboration/serializer.py changed, reloading.
Performing system checks...

System check identified no issues (0 silenced).
May 04, 2026 - 14:08:28
Django version 6.0.4, using settings 'config.settings'
Starting development server at http://0.0.0.0:8000/
Quit the server with CONTROL-C.

WARNING: This is a development server. Do not use it in a production setting. Use a production WSGI or ASGI server instead.
For more information on production servers see: https://docs.djangoproject.com/en/6.0/howto/deployment/
Watching for file changes with StatReloader
/home/snofy/project_matier/PM-A-backend/collaboration/views.py changed, reloading.
Performing system checks...

System check identified no issues (0 silenced).
May 04, 2026 - 14:08:42
Django version 6.0.4, using settings 'config.settings'
Starting development server at http://0.0.0.0:8000/
Quit the server with CONTROL-C.

WARNING: This is a development server. Do not use it in a production setting. Use a production WSGI or ASGI server instead.
For more information on production servers see: https://docs.djangoproject.com/en/6.0/howto/deployment/
Watching for file changes with StatReloader
/home/snofy/project_matier/PM-A-backend/collaboration/urls.py changed, reloading.
Performing system checks...

System check identified no issues (0 silenced).
May 04, 2026 - 14:09:02
Django version 6.0.4, using settings 'config.settings'
Starting development server at http://0.0.0.0:8000/
Quit the server with CONTROL-C.

WARNING: This is a development server. Do not use it in a production setting. Use a production WSGI or ASGI server instead.
For more information on production servers see: https://docs.djangoproject.com/en/6.0/howto/deployment/
Watching for file changes with StatReloader
/home/snofy/project_matier/PM-A-backend/collaboration/migrations/0001_initial.py changed, reloading.
Performing system checks...

System check identified no issues (0 silenced).
May 04, 2026 - 14:09:20
Django version 6.0.4, using settings 'config.settings'
Starting development server at http://0.0.0.0:8000/
Quit the server with CONTROL-C.

WARNING: This is a development server. Do not use it in a production setting. Use a production WSGI or ASGI server instead.
For more information on production servers see: https://docs.djangoproject.com/en/6.0/howto/deployment/
Watching for file changes with StatReloader
[04/May/2026 14:13:42] "POST /api/auth/register/ HTTP/1.1" 201 64
[04/May/2026 14:13:43] "POST /api/auth/login/ HTTP/1.1" 200 567
Not Found: /api/organizations/
[04/May/2026 14:13:43] "POST /api/organizations/ HTTP/1.1" 404 27112
[04/May/2026 14:13:43] "POST /api/projects/ HTTP/1.1" 201 349
[04/May/2026 14:13:43] "POST /api/projects/7626fbe0-d3c8-44ff-bcbd-0044f97cf21f/tickets/ HTTP/1.1" 201 372
[04/May/2026 14:13:43] "POST /api/comments/ HTTP/1.1" 201 305
[04/May/2026 14:13:43] "POST /api/projects/7626fbe0-d3c8-44ff-bcbd-0044f97cf21f/documents/ HTTP/1.1" 201 220
[04/May/2026 14:13:43] "POST /api/comments/ HTTP/1.1" 201 303
[04/May/2026 14:13:43] "GET /api/comments/?entity_type=document&entity_id=45513385-cf1e-4f99-a10a-12e55b9b7ab8 HTTP/1.1" 200 305
[04/May/2026 14:13:43] "POST /api/projects/7626fbe0-d3c8-44ff-bcbd-0044f97cf21f/channels/ HTTP/1.1" 201 224
[04/May/2026 14:13:43] "POST /api/channels/5d1e5adb-661a-402f-9cf0-1a8bb2f19d0d/messages/ HTTP/1.1" 201 266
[04/May/2026 14:13:43] "POST /api/comments/ HTTP/1.1" 201 305
[04/May/2026 14:13:43] "GET /api/comments/ HTTP/1.1" 200 917
/home/snofy/project_matier/PM-A-backend/collaboration/serializer.py changed, reloading.
Performing system checks...

System check identified no issues (0 silenced).
May 04, 2026 - 14:13:00
Django version 6.0.4, using settings 'config.settings'
Starting development server at http://0.0.0.0:8000/
Quit the server with CONTROL-C.

WARNING: This is a development server. Do not use it in a production setting. Use a production WSGI or ASGI server instead.
For more information on production servers see: https://docs.djangoproject.com/en/6.0/howto/deployment/
Watching for file changes with StatReloader
/home/snofy/project_matier/PM-A-backend/collaboration/views.py changed, reloading.
Performing system checks...

System check identified no issues (0 silenced).
May 04, 2026 - 14:13:54
Django version 6.0.4, using settings 'config.settings'
Starting development server at http://0.0.0.0:8000/
Quit the server with CONTROL-C.

WARNING: This is a development server. Do not use it in a production setting. Use a production WSGI or ASGI server instead.
For more information on production servers see: https://docs.djangoproject.com/en/6.0/howto/deployment/
Watching for file changes with StatReloader
[04/May/2026 14:14:46] "GET /api/docs/ HTTP/1.1" 200 4639
/home/snofy/project_matier/PM-A-backend/accounts/views.py: Error [LogoutView]: unable to guess serializer. This is graceful fallback handling for APIViews. Consider using GenericAPIView as view base class, if view is under your control. Either way you may want to add a serializer_class (or method). Ignoring view for now.
/home/snofy/project_matier/PM-A-backend/accounts/views.py: Warning [LogoutView]: could not resolve authenticator <class 'accounts.authentication.JWTAuthentication'>. There was no OpenApiAuthenticationExtension registered for that class. Try creating one by subclassing it. Ignoring for now.
/home/snofy/project_matier/PM-A-backend/accounts/views.py: Error [MFASetupView]: unable to guess serializer. This is graceful fallback handling for APIViews. Consider using GenericAPIView as view base class, if view is under your control. Either way you may want to add a serializer_class (or method). Ignoring view for now.
/home/snofy/project_matier/PM-A-backend/accounts/views.py: Warning [MFASetupView]: could not resolve authenticator <class 'accounts.authentication.JWTAuthentication'>. There was no OpenApiAuthenticationExtension registered for that class. Try creating one by subclassing it. Ignoring for now.
/home/snofy/project_matier/PM-A-backend/accounts/views.py: Error [MFAVerifyView]: unable to guess serializer. This is graceful fallback handling for APIViews. Consider using GenericAPIView as view base class, if view is under your control. Either way you may want to add a serializer_class (or method). Ignoring view for now.
/home/snofy/project_matier/PM-A-backend/accounts/views.py: Warning [MFAVerifyView]: could not resolve authenticator <class 'accounts.authentication.JWTAuthentication'>. There was no OpenApiAuthenticationExtension registered for that class. Try creating one by subclassing it. Ignoring for now.
/home/snofy/project_matier/PM-A-backend/accounts/views.py: Error [OAuthLoginView]: unable to guess serializer. This is graceful fallback handling for APIViews. Consider using GenericAPIView as view base class, if view is under your control. Either way you may want to add a serializer_class (or method). Ignoring view for now.
/home/snofy/project_matier/PM-A-backend/accounts/views.py: Warning [OAuthLoginView]: could not resolve authenticator <class 'accounts.authentication.JWTAuthentication'>. There was no OpenApiAuthenticationExtension registered for that class. Try creating one by subclassing it. Ignoring for now.
/home/snofy/project_matier/PM-A-backend/accounts/views.py: Warning [RegisterView]: could not resolve authenticator <class 'accounts.authentication.JWTAuthentication'>. There was no OpenApiAuthenticationExtension registered for that class. Try creating one by subclassing it. Ignoring for now.
/home/snofy/project_matier/PM-A-backend/accounts/views.py: Error [PasswordResetRequestView]: unable to guess serializer. This is graceful fallback handling for APIViews. Consider using GenericAPIView as view base class, if view is under your control. Either way you may want to add a serializer_class (or method). Ignoring view for now.
/home/snofy/project_matier/PM-A-backend/accounts/views.py: Warning [PasswordResetRequestView]: could not resolve authenticator <class 'accounts.authentication.JWTAuthentication'>. There was no OpenApiAuthenticationExtension registered for that class. Try creating one by subclassing it. Ignoring for now.
/home/snofy/project_matier/PM-A-backend/accounts/views.py: Error [PasswordResetConfirmView]: unable to guess serializer. This is graceful fallback handling for APIViews. Consider using GenericAPIView as view base class, if view is under your control. Either way you may want to add a serializer_class (or method). Ignoring view for now.
/home/snofy/project_matier/PM-A-backend/accounts/views.py: Warning [PasswordResetConfirmView]: could not resolve authenticator <class 'accounts.authentication.JWTAuthentication'>. There was no OpenApiAuthenticationExtension registered for that class. Try creating one by subclassing it. Ignoring for now.
/home/snofy/project_matier/PM-A-backend/accounts/views.py: Error [PasswordResetVerifyOTPView]: unable to guess serializer. This is graceful fallback handling for APIViews. Consider using GenericAPIView as view base class, if view is under your control. Either way you may want to add a serializer_class (or method). Ignoring view for now.
/home/snofy/project_matier/PM-A-backend/accounts/views.py: Warning [PasswordResetVerifyOTPView]: could not resolve authenticator <class 'accounts.authentication.JWTAuthentication'>. There was no OpenApiAuthenticationExtension registered for that class. Try creating one by subclassing it. Ignoring for now.
/home/snofy/project_matier/PM-A-backend/accounts/views.py: Error [CookieTokenRefreshView]: unable to guess serializer. This is graceful fallback handling for APIViews. Consider using GenericAPIView as view base class, if view is under your control. Either way you may want to add a serializer_class (or method). Ignoring view for now.
/home/snofy/project_matier/PM-A-backend/accounts/views.py: Warning [CookieTokenRefreshView]: could not resolve authenticator <class 'accounts.authentication.JWTAuthentication'>. There was no OpenApiAuthenticationExtension registered for that class. Try creating one by subclassing it. Ignoring for now.
/home/snofy/project_matier/PM-A-backend/project/views.py: Error [BoardColumnDetailView]: unable to guess serializer. This is graceful fallback handling for APIViews. Consider using GenericAPIView as view base class, if view is under your control. Either way you may want to add a serializer_class (or method). Ignoring view for now.
/home/snofy/project_matier/PM-A-backend/project/views.py: Warning [BoardColumnDetailView]: could not resolve authenticator <class 'accounts.authentication.JWTAuthentication'>. There was no OpenApiAuthenticationExtension registered for that class. Try creating one by subclassing it. Ignoring for now.
/home/snofy/project_matier/PM-A-backend/collaboration/views.py: Error [ChatMessageListCreateView]: unable to guess serializer. This is graceful fallback handling for APIViews. Consider using GenericAPIView as view base class, if view is under your control. Either way you may want to add a serializer_class (or method). Ignoring view for now.
/home/snofy/project_matier/PM-A-backend/collaboration/views.py: Warning [ChatMessageListCreateView]: could not resolve authenticator <class 'accounts.authentication.JWTAuthentication'>. There was no OpenApiAuthenticationExtension registered for that class. Try creating one by subclassing it. Ignoring for now.
/home/snofy/project_matier/PM-A-backend/collaboration/views.py: Error [DirectChannelGetCreateView]: unable to guess serializer. This is graceful fallback handling for APIViews. Consider using GenericAPIView as view base class, if view is under your control. Either way you may want to add a serializer_class (or method). Ignoring view for now.
/home/snofy/project_matier/PM-A-backend/collaboration/views.py: Warning [DirectChannelGetCreateView]: could not resolve authenticator <class 'accounts.authentication.JWTAuthentication'>. There was no OpenApiAuthenticationExtension registered for that class. Try creating one by subclassing it. Ignoring for now.
/home/snofy/project_matier/PM-A-backend/collaboration/views.py: Warning [GlobalCommentViewSet]: could not resolve authenticator <class 'accounts.authentication.JWTAuthentication'>. There was no OpenApiAuthenticationExtension registered for that class. Try creating one by subclassing it. Ignoring for now.
/home/snofy/project_matier/PM-A-backend/collaboration/serializer.py: Warning [GlobalCommentViewSet > CommentSerializer]: unable to resolve type hint for function "get_object_type". Consider using a type hint or @extend_schema_field. Defaulting to string.
/home/snofy/project_matier/PM-A-backend/core/views.py: Error [NotificationListView]: unable to guess serializer. This is graceful fallback handling for APIViews. Consider using GenericAPIView as view base class, if view is under your control. Either way you may want to add a serializer_class (or method). Ignoring view for now.
/home/snofy/project_matier/PM-A-backend/core/views.py: Warning [NotificationListView]: could not resolve authenticator <class 'accounts.authentication.JWTAuthentication'>. There was no OpenApiAuthenticationExtension registered for that class. Try creating one by subclassing it. Ignoring for now.
/home/snofy/project_matier/PM-A-backend/core/views.py: Error [MarkNotificationReadView]: unable to guess serializer. This is graceful fallback handling for APIViews. Consider using GenericAPIView as view base class, if view is under your control. Either way you may want to add a serializer_class (or method). Ignoring view for now.
/home/snofy/project_matier/PM-A-backend/core/views.py: Warning [MarkNotificationReadView]: could not resolve authenticator <class 'accounts.authentication.JWTAuthentication'>. There was no OpenApiAuthenticationExtension registered for that class. Try creating one by subclassing it. Ignoring for now.
/home/snofy/project_matier/PM-A-backend/core/views.py: Error [MarkAllNotificationsReadView]: unable to guess serializer. This is graceful fallback handling for APIViews. Consider using GenericAPIView as view base class, if view is under your control. Either way you may want to add a serializer_class (or method). Ignoring view for now.
/home/snofy/project_matier/PM-A-backend/core/views.py: Warning [MarkAllNotificationsReadView]: could not resolve authenticator <class 'accounts.authentication.JWTAuthentication'>. There was no OpenApiAuthenticationExtension registered for that class. Try creating one by subclassing it. Ignoring for now.
/home/snofy/project_matier/PM-A-backend/project/views.py: Error [DashboardView]: unable to guess serializer. This is graceful fallback handling for APIViews. Consider using GenericAPIView as view base class, if view is under your control. Either way you may want to add a serializer_class (or method). Ignoring view for now.
/home/snofy/project_matier/PM-A-backend/project/views.py: Warning [DashboardView]: could not resolve authenticator <class 'accounts.authentication.JWTAuthentication'>. There was no OpenApiAuthenticationExtension registered for that class. Try creating one by subclassing it. Ignoring for now.
/home/snofy/project_matier/PM-A-backend/project/views.py: Error [DashboardProjectsView]: unable to guess serializer. This is graceful fallback handling for APIViews. Consider using GenericAPIView as view base class, if view is under your control. Either way you may want to add a serializer_class (or method). Ignoring view for now.
/home/snofy/project_matier/PM-A-backend/project/views.py: Warning [DashboardProjectsView]: could not resolve authenticator <class 'accounts.authentication.JWTAuthentication'>. There was no OpenApiAuthenticationExtension registered for that class. Try creating one by subclassing it. Ignoring for now.
/home/snofy/project_matier/PM-A-backend/project/views.py: Error [RecentProjectsView]: unable to guess serializer. This is graceful fallback handling for APIViews. Consider using GenericAPIView as view base class, if view is under your control. Either way you may want to add a serializer_class (or method). Ignoring view for now.
/home/snofy/project_matier/PM-A-backend/project/views.py: Warning [RecentProjectsView]: could not resolve authenticator <class 'accounts.authentication.JWTAuthentication'>. There was no OpenApiAuthenticationExtension registered for that class. Try creating one by subclassing it. Ignoring for now.
/home/snofy/project_matier/PM-A-backend/project/views.py: Error [DashboardStatsView]: unable to guess serializer. This is graceful fallback handling for APIViews. Consider using GenericAPIView as view base class, if view is under your control. Either way you may want to add a serializer_class (or method). Ignoring view for now.
/home/snofy/project_matier/PM-A-backend/project/views.py: Warning [DashboardStatsView]: could not resolve authenticator <class 'accounts.authentication.JWTAuthentication'>. There was no OpenApiAuthenticationExtension registered for that class. Try creating one by subclassing it. Ignoring for now.
/home/snofy/project_matier/PM-A-backend/project/views.py: Error [health_check]: unable to guess serializer. This is graceful fallback handling for APIViews. Consider using GenericAPIView as view base class, if view is under your control. Either way you may want to add a serializer_class (or method). Ignoring view for now.
/home/snofy/project_matier/PM-A-backend/project/views.py: Warning [health_check]: could not resolve authenticator <class 'accounts.authentication.JWTAuthentication'>. There was no OpenApiAuthenticationExtension registered for that class. Try creating one by subclassing it. Ignoring for now.
/home/snofy/project_matier/PM-A-backend/orgs/views.py: Warning [InvitationViewSet]: could not resolve authenticator <class 'accounts.authentication.JWTAuthentication'>. There was no OpenApiAuthenticationExtension registered for that class. Try creating one by subclassing it. Ignoring for now.
/home/snofy/project_matier/PM-A-backend/orgs/views.py: Error [AcceptInvitationView]: unable to guess serializer. This is graceful fallback handling for APIViews. Consider using GenericAPIView as view base class, if view is under your control. Either way you may want to add a serializer_class (or method). Ignoring view for now.
/home/snofy/project_matier/PM-A-backend/orgs/views.py: Warning [AcceptInvitationView]: could not resolve authenticator <class 'accounts.authentication.JWTAuthentication'>. There was no OpenApiAuthenticationExtension registered for that class. Try creating one by subclassing it. Ignoring for now.
/home/snofy/project_matier/PM-A-backend/orgs/views.py: Warning [OrganizationViewSet]: could not resolve authenticator <class 'accounts.authentication.JWTAuthentication'>. There was no OpenApiAuthenticationExtension registered for that class. Try creating one by subclassing it. Ignoring for now.
/home/snofy/project_matier/PM-A-backend/orgs/views.py: Warning [OrganizationViewSet]: could not derive type of path parameter "id" because it is untyped and obtaining queryset from the viewset failed. Consider adding a type to the path (e.g. <int:id>) or annotating the parameter type with @extend_schema. Defaulting to "string".
/home/snofy/project_matier/PM-A-backend/project/views.py: Error [OrganizationReleaseListView]: unable to guess serializer. This is graceful fallback handling for APIViews. Consider using GenericAPIView as view base class, if view is under your control. Either way you may want to add a serializer_class (or method). Ignoring view for now.
/home/snofy/project_matier/PM-A-backend/project/views.py: Warning [OrganizationReleaseListView]: could not resolve authenticator <class 'accounts.authentication.JWTAuthentication'>. There was no OpenApiAuthenticationExtension registered for that class. Try creating one by subclassing it. Ignoring for now.
/home/snofy/project_matier/PM-A-backend/orgs/views.py: Error [OrganizationTreeView]: unable to guess serializer. This is graceful fallback handling for APIViews. Consider using GenericAPIView as view base class, if view is under your control. Either way you may want to add a serializer_class (or method). Ignoring view for now.
/home/snofy/project_matier/PM-A-backend/orgs/views.py: Warning [OrganizationTreeView]: could not resolve authenticator <class 'accounts.authentication.JWTAuthentication'>. There was no OpenApiAuthenticationExtension registered for that class. Try creating one by subclassing it. Ignoring for now.
/home/snofy/project_matier/PM-A-backend/orgs/views.py: Warning [WorkspaceViewSet]: could not resolve authenticator <class 'accounts.authentication.JWTAuthentication'>. There was no OpenApiAuthenticationExtension registered for that class. Try creating one by subclassing it. Ignoring for now.
/home/snofy/project_matier/PM-A-backend/orgs/views.py: Warning [WorkspaceViewSet]: could not derive type of path parameter "id" because it is untyped and obtaining queryset from the viewset failed. Consider adding a type to the path (e.g. <int:id>) or annotating the parameter type with @extend_schema. Defaulting to "string".
/home/snofy/project_matier/PM-A-backend/project/views.py: Error [ProjectListCreateView]: unable to guess serializer. This is graceful fallback handling for APIViews. Consider using GenericAPIView as view base class, if view is under your control. Either way you may want to add a serializer_class (or method). Ignoring view for now.
/home/snofy/project_matier/PM-A-backend/project/views.py: Warning [ProjectListCreateView]: could not resolve authenticator <class 'accounts.authentication.JWTAuthentication'>. There was no OpenApiAuthenticationExtension registered for that class. Try creating one by subclassing it. Ignoring for now.
/home/snofy/project_matier/PM-A-backend/project/views.py: Error [ProjectDetailView]: unable to guess serializer. This is graceful fallback handling for APIViews. Consider using GenericAPIView as view base class, if view is under your control. Either way you may want to add a serializer_class (or method). Ignoring view for now.
/home/snofy/project_matier/PM-A-backend/project/views.py: Warning [ProjectDetailView]: could not resolve authenticator <class 'accounts.authentication.JWTAuthentication'>. There was no OpenApiAuthenticationExtension registered for that class. Try creating one by subclassing it. Ignoring for now.
/home/snofy/project_matier/PM-A-backend/project/views.py: Error [ProjectArchiveView]: unable to guess serializer. This is graceful fallback handling for APIViews. Consider using GenericAPIView as view base class, if view is under your control. Either way you may want to add a serializer_class (or method). Ignoring view for now.
/home/snofy/project_matier/PM-A-backend/project/views.py: Warning [ProjectArchiveView]: could not resolve authenticator <class 'accounts.authentication.JWTAuthentication'>. There was no OpenApiAuthenticationExtension registered for that class. Try creating one by subclassing it. Ignoring for now.
/home/snofy/project_matier/PM-A-backend/tickets/views.py: Error [BacklogListCreateView]: unable to guess serializer. This is graceful fallback handling for APIViews. Consider using GenericAPIView as view base class, if view is under your control. Either way you may want to add a serializer_class (or method). Ignoring view for now.
/home/snofy/project_matier/PM-A-backend/tickets/views.py: Warning [BacklogListCreateView]: could not resolve authenticator <class 'accounts.authentication.JWTAuthentication'>. There was no OpenApiAuthenticationExtension registered for that class. Try creating one by subclassing it. Ignoring for now.
/home/snofy/project_matier/PM-A-backend/tickets/views.py: Error [BacklogDeleteView]: unable to guess serializer. This is graceful fallback handling for APIViews. Consider using GenericAPIView as view base class, if view is under your control. Either way you may want to add a serializer_class (or method). Ignoring view for now.
/home/snofy/project_matier/PM-A-backend/tickets/views.py: Warning [BacklogDeleteView]: could not resolve authenticator <class 'accounts.authentication.JWTAuthentication'>. There was no OpenApiAuthenticationExtension registered for that class. Try creating one by subclassing it. Ignoring for now.
/home/snofy/project_matier/PM-A-backend/tickets/views.py: Error [BacklogAddToSprintView]: unable to guess serializer. This is graceful fallback handling for APIViews. Consider using GenericAPIView as view base class, if view is under your control. Either way you may want to add a serializer_class (or method). Ignoring view for now.
/home/snofy/project_matier/PM-A-backend/tickets/views.py: Warning [BacklogAddToSprintView]: could not resolve authenticator <class 'accounts.authentication.JWTAuthentication'>. There was no OpenApiAuthenticationExtension registered for that class. Try creating one by subclassing it. Ignoring for now.
/home/snofy/project_matier/PM-A-backend/tickets/views.py: Error [BacklogPrioritizeView]: unable to guess serializer. This is graceful fallback handling for APIViews. Consider using GenericAPIView as view base class, if view is under your control. Either way you may want to add a serializer_class (or method). Ignoring view for now.
/home/snofy/project_matier/PM-A-backend/tickets/views.py: Warning [BacklogPrioritizeView]: could not resolve authenticator <class 'accounts.authentication.JWTAuthentication'>. There was no OpenApiAuthenticationExtension registered for that class. Try creating one by subclassing it. Ignoring for now.
/home/snofy/project_matier/PM-A-backend/project/views.py: Error [BoardView]: unable to guess serializer. This is graceful fallback handling for APIViews. Consider using GenericAPIView as view base class, if view is under your control. Either way you may want to add a serializer_class (or method). Ignoring view for now.
/home/snofy/project_matier/PM-A-backend/project/views.py: Warning [BoardView]: could not resolve authenticator <class 'accounts.authentication.JWTAuthentication'>. There was no OpenApiAuthenticationExtension registered for that class. Try creating one by subclassing it. Ignoring for now.
/home/snofy/project_matier/PM-A-backend/project/views.py: Error [BoardColumnCreateView]: unable to guess serializer. This is graceful fallback handling for APIViews. Consider using GenericAPIView as view base class, if view is under your control. Either way you may want to add a serializer_class (or method). Ignoring view for now.
/home/snofy/project_matier/PM-A-backend/project/views.py: Warning [BoardColumnCreateView]: could not resolve authenticator <class 'accounts.authentication.JWTAuthentication'>. There was no OpenApiAuthenticationExtension registered for that class. Try creating one by subclassing it. Ignoring for now.
/home/snofy/project_matier/PM-A-backend/project/views.py: Error [BoardConfigView]: unable to guess serializer. This is graceful fallback handling for APIViews. Consider using GenericAPIView as view base class, if view is under your control. Either way you may want to add a serializer_class (or method). Ignoring view for now.
/home/snofy/project_matier/PM-A-backend/project/views.py: Warning [BoardConfigView]: could not resolve authenticator <class 'accounts.authentication.JWTAuthentication'>. There was no OpenApiAuthenticationExtension registered for that class. Try creating one by subclassing it. Ignoring for now.
/home/snofy/project_matier/PM-A-backend/project/views.py: Error [BoardStatsView]: unable to guess serializer. This is graceful fallback handling for APIViews. Consider using GenericAPIView as view base class, if view is under your control. Either way you may want to add a serializer_class (or method). Ignoring view for now.
/home/snofy/project_matier/PM-A-backend/project/views.py: Warning [BoardStatsView]: could not resolve authenticator <class 'accounts.authentication.JWTAuthentication'>. There was no OpenApiAuthenticationExtension registered for that class. Try creating one by subclassing it. Ignoring for now.
/home/snofy/project_matier/PM-A-backend/project/views.py: Error [BoardTaskSummaryView]: unable to guess serializer. This is graceful fallback handling for APIViews. Consider using GenericAPIView as view base class, if view is under your control. Either way you may want to add a serializer_class (or method). Ignoring view for now.
/home/snofy/project_matier/PM-A-backend/project/views.py: Warning [BoardTaskSummaryView]: could not resolve authenticator <class 'accounts.authentication.JWTAuthentication'>. There was no OpenApiAuthenticationExtension registered for that class. Try creating one by subclassing it. Ignoring for now.
/home/snofy/project_matier/PM-A-backend/tickets/views.py: Error [TicketMoveView]: unable to guess serializer. This is graceful fallback handling for APIViews. Consider using GenericAPIView as view base class, if view is under your control. Either way you may want to add a serializer_class (or method). Ignoring view for now.
/home/snofy/project_matier/PM-A-backend/tickets/views.py: Warning [TicketMoveView]: could not resolve authenticator <class 'accounts.authentication.JWTAuthentication'>. There was no OpenApiAuthenticationExtension registered for that class. Try creating one by subclassing it. Ignoring for now.
/home/snofy/project_matier/PM-A-backend/tickets/views.py: Error [TicketMovementListView]: unable to guess serializer. This is graceful fallback handling for APIViews. Consider using GenericAPIView as view base class, if view is under your control. Either way you may want to add a serializer_class (or method). Ignoring view for now.
/home/snofy/project_matier/PM-A-backend/tickets/views.py: Warning [TicketMovementListView]: could not resolve authenticator <class 'accounts.authentication.JWTAuthentication'>. There was no OpenApiAuthenticationExtension registered for that class. Try creating one by subclassing it. Ignoring for now.
/home/snofy/project_matier/PM-A-backend/collaboration/views.py: Error [ProjectChannelListCreateView]: unable to guess serializer. This is graceful fallback handling for APIViews. Consider using GenericAPIView as view base class, if view is under your control. Either way you may want to add a serializer_class (or method). Ignoring view for now.
/home/snofy/project_matier/PM-A-backend/collaboration/views.py: Warning [ProjectChannelListCreateView]: could not resolve authenticator <class 'accounts.authentication.JWTAuthentication'>. There was no OpenApiAuthenticationExtension registered for that class. Try creating one by subclassing it. Ignoring for now.
/home/snofy/project_matier/PM-A-backend/project/views.py: Error [ProjectCloseView]: unable to guess serializer. This is graceful fallback handling for APIViews. Consider using GenericAPIView as view base class, if view is under your control. Either way you may want to add a serializer_class (or method). Ignoring view for now.
/home/snofy/project_matier/PM-A-backend/project/views.py: Warning [ProjectCloseView]: could not resolve authenticator <class 'accounts.authentication.JWTAuthentication'>. There was no OpenApiAuthenticationExtension registered for that class. Try creating one by subclassing it. Ignoring for now.
/home/snofy/project_matier/PM-A-backend/project/views.py: Error [ProjectDocumentListView]: unable to guess serializer. This is graceful fallback handling for APIViews. Consider using GenericAPIView as view base class, if view is under your control. Either way you may want to add a serializer_class (or method). Ignoring view for now.
/home/snofy/project_matier/PM-A-backend/project/views.py: Warning [ProjectDocumentListView]: could not resolve authenticator <class 'accounts.authentication.JWTAuthentication'>. There was no OpenApiAuthenticationExtension registered for that class. Try creating one by subclassing it. Ignoring for now.
/home/snofy/project_matier/PM-A-backend/project/views.py: Error [ProjectDocumentDetailView]: unable to guess serializer. This is graceful fallback handling for APIViews. Consider using GenericAPIView as view base class, if view is under your control. Either way you may want to add a serializer_class (or method). Ignoring view for now.
/home/snofy/project_matier/PM-A-backend/project/views.py: Warning [ProjectDocumentDetailView]: could not resolve authenticator <class 'accounts.authentication.JWTAuthentication'>. There was no OpenApiAuthenticationExtension registered for that class. Try creating one by subclassing it. Ignoring for now.
/home/snofy/project_matier/PM-A-backend/project/views.py: Error [ProjectFileListView]: unable to guess serializer. This is graceful fallback handling for APIViews. Consider using GenericAPIView as view base class, if view is under your control. Either way you may want to add a serializer_class (or method). Ignoring view for now.
/home/snofy/project_matier/PM-A-backend/project/views.py: Warning [ProjectFileListView]: could not resolve authenticator <class 'accounts.authentication.JWTAuthentication'>. There was no OpenApiAuthenticationExtension registered for that class. Try creating one by subclassing it. Ignoring for now.
/home/snofy/project_matier/PM-A-backend/project/views.py: Error [ProjectFileDetailView]: unable to guess serializer. This is graceful fallback handling for APIViews. Consider using GenericAPIView as view base class, if view is under your control. Either way you may want to add a serializer_class (or method). Ignoring view for now.
/home/snofy/project_matier/PM-A-backend/project/views.py: Warning [ProjectFileDetailView]: could not resolve authenticator <class 'accounts.authentication.JWTAuthentication'>. There was no OpenApiAuthenticationExtension registered for that class. Try creating one by subclassing it. Ignoring for now.
/home/snofy/project_matier/PM-A-backend/project/views.py: Error [ProjectMembersView]: unable to guess serializer. This is graceful fallback handling for APIViews. Consider using GenericAPIView as view base class, if view is under your control. Either way you may want to add a serializer_class (or method). Ignoring view for now.
/home/snofy/project_matier/PM-A-backend/project/views.py: Warning [ProjectMembersView]: could not resolve authenticator <class 'accounts.authentication.JWTAuthentication'>. There was no OpenApiAuthenticationExtension registered for that class. Try creating one by subclassing it. Ignoring for now.
/home/snofy/project_matier/PM-A-backend/project/views.py: Error [MemberProgressReportView]: unable to guess serializer. This is graceful fallback handling for APIViews. Consider using GenericAPIView as view base class, if view is under your control. Either way you may want to add a serializer_class (or method). Ignoring view for now.
/home/snofy/project_matier/PM-A-backend/project/views.py: Warning [MemberProgressReportView]: could not resolve authenticator <class 'accounts.authentication.JWTAuthentication'>. There was no OpenApiAuthenticationExtension registered for that class. Try creating one by subclassing it. Ignoring for now.
/home/snofy/project_matier/PM-A-backend/tickets/views.py: Error [ReleaseListCreateView]: unable to guess serializer. This is graceful fallback handling for APIViews. Consider using GenericAPIView as view base class, if view is under your control. Either way you may want to add a serializer_class (or method). Ignoring view for now.
/home/snofy/project_matier/PM-A-backend/tickets/views.py: Warning [ReleaseListCreateView]: could not resolve authenticator <class 'accounts.authentication.JWTAuthentication'>. There was no OpenApiAuthenticationExtension registered for that class. Try creating one by subclassing it. Ignoring for now.
/home/snofy/project_matier/PM-A-backend/tickets/views.py: Error [ReleaseDetailView]: unable to guess serializer. This is graceful fallback handling for APIViews. Consider using GenericAPIView as view base class, if view is under your control. Either way you may want to add a serializer_class (or method). Ignoring view for now.
/home/snofy/project_matier/PM-A-backend/tickets/views.py: Warning [ReleaseDetailView]: could not resolve authenticator <class 'accounts.authentication.JWTAuthentication'>. There was no OpenApiAuthenticationExtension registered for that class. Try creating one by subclassing it. Ignoring for now.
/home/snofy/project_matier/PM-A-backend/tickets/views.py: Error [ReleaseCloseView]: unable to guess serializer. This is graceful fallback handling for APIViews. Consider using GenericAPIView as view base class, if view is under your control. Either way you may want to add a serializer_class (or method). Ignoring view for now.
/home/snofy/project_matier/PM-A-backend/tickets/views.py: Warning [ReleaseCloseView]: could not resolve authenticator <class 'accounts.authentication.JWTAuthentication'>. There was no OpenApiAuthenticationExtension registered for that class. Try creating one by subclassing it. Ignoring for now.
/home/snofy/project_matier/PM-A-backend/tickets/views.py: Error [ReleaseDashboardView]: unable to guess serializer. This is graceful fallback handling for APIViews. Consider using GenericAPIView as view base class, if view is under your control. Either way you may want to add a serializer_class (or method). Ignoring view for now.
/home/snofy/project_matier/PM-A-backend/tickets/views.py: Warning [ReleaseDashboardView]: could not resolve authenticator <class 'accounts.authentication.JWTAuthentication'>. There was no OpenApiAuthenticationExtension registered for that class. Try creating one by subclassing it. Ignoring for now.
/home/snofy/project_matier/PM-A-backend/tickets/views.py: Error [ReleaseIssuesSummaryView]: unable to guess serializer. This is graceful fallback handling for APIViews. Consider using GenericAPIView as view base class, if view is under your control. Either way you may want to add a serializer_class (or method). Ignoring view for now.
/home/snofy/project_matier/PM-A-backend/tickets/views.py: Warning [ReleaseIssuesSummaryView]: could not resolve authenticator <class 'accounts.authentication.JWTAuthentication'>. There was no OpenApiAuthenticationExtension registered for that class. Try creating one by subclassing it. Ignoring for now.
/home/snofy/project_matier/PM-A-backend/project/views.py: Error [ProjectProgressReportView]: unable to guess serializer. This is graceful fallback handling for APIViews. Consider using GenericAPIView as view base class, if view is under your control. Either way you may want to add a serializer_class (or method). Ignoring view for now.
/home/snofy/project_matier/PM-A-backend/project/views.py: Warning [ProjectProgressReportView]: could not resolve authenticator <class 'accounts.authentication.JWTAuthentication'>. There was no OpenApiAuthenticationExtension registered for that class. Try creating one by subclassing it. Ignoring for now.
/home/snofy/project_matier/PM-A-backend/role/views.py: Error [RoleListCreateView]: unable to guess serializer. This is graceful fallback handling for APIViews. Consider using GenericAPIView as view base class, if view is under your control. Either way you may want to add a serializer_class (or method). Ignoring view for now.
/home/snofy/project_matier/PM-A-backend/role/views.py: Warning [RoleListCreateView]: could not resolve authenticator <class 'accounts.authentication.JWTAuthentication'>. There was no OpenApiAuthenticationExtension registered for that class. Try creating one by subclassing it. Ignoring for now.
/home/snofy/project_matier/PM-A-backend/role/views.py: Error [RoleDetailView]: unable to guess serializer. This is graceful fallback handling for APIViews. Consider using GenericAPIView as view base class, if view is under your control. Either way you may want to add a serializer_class (or method). Ignoring view for now.
/home/snofy/project_matier/PM-A-backend/role/views.py: Warning [RoleDetailView]: could not resolve authenticator <class 'accounts.authentication.JWTAuthentication'>. There was no OpenApiAuthenticationExtension registered for that class. Try creating one by subclassing it. Ignoring for now.
/home/snofy/project_matier/PM-A-backend/project/views.py: Error [SprintListCreateView]: unable to guess serializer. This is graceful fallback handling for APIViews. Consider using GenericAPIView as view base class, if view is under your control. Either way you may want to add a serializer_class (or method). Ignoring view for now.
/home/snofy/project_matier/PM-A-backend/project/views.py: Warning [SprintListCreateView]: could not resolve authenticator <class 'accounts.authentication.JWTAuthentication'>. There was no OpenApiAuthenticationExtension registered for that class. Try creating one by subclassing it. Ignoring for now.
/home/snofy/project_matier/PM-A-backend/project/views.py: Error [SprintDetailView]: unable to guess serializer. This is graceful fallback handling for APIViews. Consider using GenericAPIView as view base class, if view is under your control. Either way you may want to add a serializer_class (or method). Ignoring view for now.
/home/snofy/project_matier/PM-A-backend/project/views.py: Warning [SprintDetailView]: could not resolve authenticator <class 'accounts.authentication.JWTAuthentication'>. There was no OpenApiAuthenticationExtension registered for that class. Try creating one by subclassing it. Ignoring for now.
/home/snofy/project_matier/PM-A-backend/project/views.py: Error [SprintCompleteView]: unable to guess serializer. This is graceful fallback handling for APIViews. Consider using GenericAPIView as view base class, if view is under your control. Either way you may want to add a serializer_class (or method). Ignoring view for now.
/home/snofy/project_matier/PM-A-backend/project/views.py: Warning [SprintCompleteView]: could not resolve authenticator <class 'accounts.authentication.JWTAuthentication'>. There was no OpenApiAuthenticationExtension registered for that class. Try creating one by subclassing it. Ignoring for now.
/home/snofy/project_matier/PM-A-backend/project/views.py: Error [SprintReportView]: unable to guess serializer. This is graceful fallback handling for APIViews. Consider using GenericAPIView as view base class, if view is under your control. Either way you may want to add a serializer_class (or method). Ignoring view for now.
/home/snofy/project_matier/PM-A-backend/project/views.py: Warning [SprintReportView]: could not resolve authenticator <class 'accounts.authentication.JWTAuthentication'>. There was no OpenApiAuthenticationExtension registered for that class. Try creating one by subclassing it. Ignoring for now.
/home/snofy/project_matier/PM-A-backend/project/views.py: Error [SprintProgressReportView]: unable to guess serializer. This is graceful fallback handling for APIViews. Consider using GenericAPIView as view base class, if view is under your control. Either way you may want to add a serializer_class (or method). Ignoring view for now.
/home/snofy/project_matier/PM-A-backend/project/views.py: Warning [SprintProgressReportView]: could not resolve authenticator <class 'accounts.authentication.JWTAuthentication'>. There was no OpenApiAuthenticationExtension registered for that class. Try creating one by subclassing it. Ignoring for now.
/home/snofy/project_matier/PM-A-backend/project/views.py: Error [SprintStartView]: unable to guess serializer. This is graceful fallback handling for APIViews. Consider using GenericAPIView as view base class, if view is under your control. Either way you may want to add a serializer_class (or method). Ignoring view for now.
/home/snofy/project_matier/PM-A-backend/project/views.py: Warning [SprintStartView]: could not resolve authenticator <class 'accounts.authentication.JWTAuthentication'>. There was no OpenApiAuthenticationExtension registered for that class. Try creating one by subclassing it. Ignoring for now.
/home/snofy/project_matier/PM-A-backend/tickets/views.py: Error [ProjectTicketListCreateView]: unable to guess serializer. This is graceful fallback handling for APIViews. Consider using GenericAPIView as view base class, if view is under your control. Either way you may want to add a serializer_class (or method). Ignoring view for now.
/home/snofy/project_matier/PM-A-backend/tickets/views.py: Warning [ProjectTicketListCreateView]: could not resolve authenticator <class 'accounts.authentication.JWTAuthentication'>. There was no OpenApiAuthenticationExtension registered for that class. Try creating one by subclassing it. Ignoring for now.
/home/snofy/project_matier/PM-A-backend/tickets/views.py: Error [TicketDetailView]: unable to guess serializer. This is graceful fallback handling for APIViews. Consider using GenericAPIView as view base class, if view is under your control. Either way you may want to add a serializer_class (or method). Ignoring view for now.
/home/snofy/project_matier/PM-A-backend/tickets/views.py: Warning [TicketDetailView]: could not resolve authenticator <class 'accounts.authentication.JWTAuthentication'>. There was no OpenApiAuthenticationExtension registered for that class. Try creating one by subclassing it. Ignoring for now.
/home/snofy/project_matier/PM-A-backend/tickets/views.py: Error [TicketAssigneeListCreateView]: unable to guess serializer. This is graceful fallback handling for APIViews. Consider using GenericAPIView as view base class, if view is under your control. Either way you may want to add a serializer_class (or method). Ignoring view for now.
/home/snofy/project_matier/PM-A-backend/tickets/views.py: Warning [TicketAssigneeListCreateView]: could not resolve authenticator <class 'accounts.authentication.JWTAuthentication'>. There was no OpenApiAuthenticationExtension registered for that class. Try creating one by subclassing it. Ignoring for now.
/home/snofy/project_matier/PM-A-backend/tickets/views.py: Error [TicketAssigneeDeleteView]: unable to guess serializer. This is graceful fallback handling for APIViews. Consider using GenericAPIView as view base class, if view is under your control. Either way you may want to add a serializer_class (or method). Ignoring view for now.
/home/snofy/project_matier/PM-A-backend/tickets/views.py: Warning [TicketAssigneeDeleteView]: could not resolve authenticator <class 'accounts.authentication.JWTAuthentication'>. There was no OpenApiAuthenticationExtension registered for that class. Try creating one by subclassing it. Ignoring for now.
/home/snofy/project_matier/PM-A-backend/tickets/views.py: Error [TicketAttachmentListCreateView]: unable to guess serializer. This is graceful fallback handling for APIViews. Consider using GenericAPIView as view base class, if view is under your control. Either way you may want to add a serializer_class (or method). Ignoring view for now.
/home/snofy/project_matier/PM-A-backend/tickets/views.py: Warning [TicketAttachmentListCreateView]: could not resolve authenticator <class 'accounts.authentication.JWTAuthentication'>. There was no OpenApiAuthenticationExtension registered for that class. Try creating one by subclassing it. Ignoring for now.
/home/snofy/project_matier/PM-A-backend/tickets/views.py: Error [TicketAttachmentDeleteView]: unable to guess serializer. This is graceful fallback handling for APIViews. Consider using GenericAPIView as view base class, if view is under your control. Either way you may want to add a serializer_class (or method). Ignoring view for now.
/home/snofy/project_matier/PM-A-backend/tickets/views.py: Warning [TicketAttachmentDeleteView]: could not resolve authenticator <class 'accounts.authentication.JWTAuthentication'>. There was no OpenApiAuthenticationExtension registered for that class. Try creating one by subclassing it. Ignoring for now.
/home/snofy/project_matier/PM-A-backend/collaboration/views.py: Error [CommentListCreateView]: unable to guess serializer. This is graceful fallback handling for APIViews. Consider using GenericAPIView as view base class, if view is under your control. Either way you may want to add a serializer_class (or method). Ignoring view for now.
/home/snofy/project_matier/PM-A-backend/collaboration/views.py: Warning [CommentListCreateView]: could not resolve authenticator <class 'accounts.authentication.JWTAuthentication'>. There was no OpenApiAuthenticationExtension registered for that class. Try creating one by subclassing it. Ignoring for now.
/home/snofy/project_matier/PM-A-backend/collaboration/views.py: Error [CommentDetailView]: unable to guess serializer. This is graceful fallback handling for APIViews. Consider using GenericAPIView as view base class, if view is under your control. Either way you may want to add a serializer_class (or method). Ignoring view for now.
/home/snofy/project_matier/PM-A-backend/collaboration/views.py: Warning [CommentDetailView]: could not resolve authenticator <class 'accounts.authentication.JWTAuthentication'>. There was no OpenApiAuthenticationExtension registered for that class. Try creating one by subclassing it. Ignoring for now.
/home/snofy/project_matier/PM-A-backend/collaboration/views.py: Error [ReactionListCreateView]: unable to guess serializer. This is graceful fallback handling for APIViews. Consider using GenericAPIView as view base class, if view is under your control. Either way you may want to add a serializer_class (or method). Ignoring view for now.
/home/snofy/project_matier/PM-A-backend/collaboration/views.py: Warning [ReactionListCreateView]: could not resolve authenticator <class 'accounts.authentication.JWTAuthentication'>. There was no OpenApiAuthenticationExtension registered for that class. Try creating one by subclassing it. Ignoring for now.
/home/snofy/project_matier/PM-A-backend/collaboration/views.py: Error [ReactionDeleteView]: unable to guess serializer. This is graceful fallback handling for APIViews. Consider using GenericAPIView as view base class, if view is under your control. Either way you may want to add a serializer_class (or method). Ignoring view for now.
/home/snofy/project_matier/PM-A-backend/collaboration/views.py: Warning [ReactionDeleteView]: could not resolve authenticator <class 'accounts.authentication.JWTAuthentication'>. There was no OpenApiAuthenticationExtension registered for that class. Try creating one by subclassing it. Ignoring for now.
/home/snofy/project_matier/PM-A-backend/tickets/views.py: Error [TicketLabelsView]: unable to guess serializer. This is graceful fallback handling for APIViews. Consider using GenericAPIView as view base class, if view is under your control. Either way you may want to add a serializer_class (or method). Ignoring view for now.
/home/snofy/project_matier/PM-A-backend/tickets/views.py: Warning [TicketLabelsView]: could not resolve authenticator <class 'accounts.authentication.JWTAuthentication'>. There was no OpenApiAuthenticationExtension registered for that class. Try creating one by subclassing it. Ignoring for now.
/home/snofy/project_matier/PM-A-backend/tickets/views.py: Error [TicketLinkListCreateView]: unable to guess serializer. This is graceful fallback handling for APIViews. Consider using GenericAPIView as view base class, if view is under your control. Either way you may want to add a serializer_class (or method). Ignoring view for now.
/home/snofy/project_matier/PM-A-backend/tickets/views.py: Warning [TicketLinkListCreateView]: could not resolve authenticator <class 'accounts.authentication.JWTAuthentication'>. There was no OpenApiAuthenticationExtension registered for that class. Try creating one by subclassing it. Ignoring for now.
/home/snofy/project_matier/PM-A-backend/tickets/views.py: Error [TicketLinkDeleteView]: unable to guess serializer. This is graceful fallback handling for APIViews. Consider using GenericAPIView as view base class, if view is under your control. Either way you may want to add a serializer_class (or method). Ignoring view for now.
/home/snofy/project_matier/PM-A-backend/tickets/views.py: Warning [TicketLinkDeleteView]: could not resolve authenticator <class 'accounts.authentication.JWTAuthentication'>. There was no OpenApiAuthenticationExtension registered for that class. Try creating one by subclassing it. Ignoring for now.
/home/snofy/project_matier/PM-A-backend/tickets/views.py: Error [TicketStatusView]: unable to guess serializer. This is graceful fallback handling for APIViews. Consider using GenericAPIView as view base class, if view is under your control. Either way you may want to add a serializer_class (or method). Ignoring view for now.
/home/snofy/project_matier/PM-A-backend/tickets/views.py: Warning [TicketStatusView]: could not resolve authenticator <class 'accounts.authentication.JWTAuthentication'>. There was no OpenApiAuthenticationExtension registered for that class. Try creating one by subclassing it. Ignoring for now.
/home/snofy/project_matier/PM-A-backend/tickets/views.py: Error [TicketTimeEntryListCreateView]: unable to guess serializer. This is graceful fallback handling for APIViews. Consider using GenericAPIView as view base class, if view is under your control. Either way you may want to add a serializer_class (or method). Ignoring view for now.
/home/snofy/project_matier/PM-A-backend/tickets/views.py: Warning [TicketTimeEntryListCreateView]: could not resolve authenticator <class 'accounts.authentication.JWTAuthentication'>. There was no OpenApiAuthenticationExtension registered for that class. Try creating one by subclassing it. Ignoring for now.
/home/snofy/project_matier/PM-A-backend/.venv/lib/python3.12/site-packages/drf_spectacular/views.py: Warning [SpectacularAPIView]: could not resolve authenticator <class 'accounts.authentication.JWTAuthentication'>. There was no OpenApiAuthenticationExtension registered for that class. Try creating one by subclassing it. Ignoring for now.
/home/snofy/project_matier/PM-A-backend/tickets/views.py: Error [GlobalTicketListView]: unable to guess serializer. This is graceful fallback handling for APIViews. Consider using GenericAPIView as view base class, if view is under your control. Either way you may want to add a serializer_class (or method). Ignoring view for now.
/home/snofy/project_matier/PM-A-backend/tickets/views.py: Warning [GlobalTicketListView]: could not resolve authenticator <class 'accounts.authentication.JWTAuthentication'>. There was no OpenApiAuthenticationExtension registered for that class. Try creating one by subclassing it. Ignoring for now.
/home/snofy/project_matier/PM-A-backend/project/views.py: Error [UserListView]: unable to guess serializer. This is graceful fallback handling for APIViews. Consider using GenericAPIView as view base class, if view is under your control. Either way you may want to add a serializer_class (or method). Ignoring view for now.
/home/snofy/project_matier/PM-A-backend/project/views.py: Warning [UserListView]: could not resolve authenticator <class 'accounts.authentication.JWTAuthentication'>. There was no OpenApiAuthenticationExtension registered for that class. Try creating one by subclassing it. Ignoring for now.
/home/snofy/project_matier/PM-A-backend/project/views.py: Error [UserDetailView]: unable to guess serializer. This is graceful fallback handling for APIViews. Consider using GenericAPIView as view base class, if view is under your control. Either way you may want to add a serializer_class (or method). Ignoring view for now.
/home/snofy/project_matier/PM-A-backend/project/views.py: Warning [UserDetailView]: could not resolve authenticator <class 'accounts.authentication.JWTAuthentication'>. There was no OpenApiAuthenticationExtension registered for that class. Try creating one by subclassing it. Ignoring for now.
/home/snofy/project_matier/PM-A-backend/project/views.py: Error [CurrentUserProfileView]: unable to guess serializer. This is graceful fallback handling for APIViews. Consider using GenericAPIView as view base class, if view is under your control. Either way you may want to add a serializer_class (or method). Ignoring view for now.
/home/snofy/project_matier/PM-A-backend/project/views.py: Warning [CurrentUserProfileView]: could not resolve authenticator <class 'accounts.authentication.JWTAuthentication'>. There was no OpenApiAuthenticationExtension registered for that class. Try creating one by subclassing it. Ignoring for now.
/home/snofy/project_matier/PM-A-backend/collaboration/views.py: Error [WorkspaceChannelListCreateView]: unable to guess serializer. This is graceful fallback handling for APIViews. Consider using GenericAPIView as view base class, if view is under your control. Either way you may want to add a serializer_class (or method). Ignoring view for now.
/home/snofy/project_matier/PM-A-backend/collaboration/views.py: Warning [WorkspaceChannelListCreateView]: could not resolve authenticator <class 'accounts.authentication.JWTAuthentication'>. There was no OpenApiAuthenticationExtension registered for that class. Try creating one by subclassing it. Ignoring for now.
Warning: operationId "projects_retrieve" has collisions [('/api/projects/', 'get'), ('/api/projects/{project_id}/', 'get')]. resolving with numeral suffixes.
Warning: operationId "projects_documents_retrieve" has collisions [('/api/projects/{project_id}/documents/', 'get'), ('/api/projects/{project_id}/documents/{document_id}/', 'get')]. resolving with numeral suffixes.
Warning: operationId "projects_files_retrieve" has collisions [('/api/projects/{project_id}/files/', 'get'), ('/api/projects/{project_id}/files/{file_id}/', 'get')]. resolving with numeral suffixes.
Warning: operationId "projects_releases_retrieve" has collisions [('/api/projects/{project_id}/releases/', 'get'), ('/api/projects/{project_id}/releases/{release_id}/', 'get')]. resolving with numeral suffixes.
Warning: operationId "projects_sprints_retrieve" has collisions [('/api/projects/{project_id}/sprints/', 'get'), ('/api/projects/{project_id}/sprints/{sprint_id}/', 'get')]. resolving with numeral suffixes.
Warning: operationId "projects_tickets_retrieve" has collisions [('/api/projects/{project_id}/tickets/', 'get'), ('/api/projects/{project_id}/tickets/{ticket_id}/', 'get')]. resolving with numeral suffixes.
Warning: operationId "users_retrieve" has collisions [('/api/users/', 'get'), ('/api/users/{user_id}/', 'get')]. resolving with numeral suffixes.
[04/May/2026 14:14:46] "GET /api/schema/ HTTP/1.1" 200 168660
/home/snofy/project_matier/PM-A-backend/core/views.py changed, reloading.
Performing system checks...

System check identified no issues (0 silenced).
May 04, 2026 - 14:14:01
Django version 6.0.4, using settings 'config.settings'
Starting development server at http://0.0.0.0:8000/
Quit the server with CONTROL-C.

WARNING: This is a development server. Do not use it in a production setting. Use a production WSGI or ASGI server instead.
For more information on production servers see: https://docs.djangoproject.com/en/6.0/howto/deployment/
Watching for file changes with StatReloader
/home/snofy/project_matier/PM-A-backend/core/urls.py changed, reloading.
Performing system checks...

System check identified no issues (0 silenced).
May 04, 2026 - 14:19:46
Django version 6.0.4, using settings 'config.settings'
Starting development server at http://0.0.0.0:8000/
Quit the server with CONTROL-C.

WARNING: This is a development server. Do not use it in a production setting. Use a production WSGI or ASGI server instead.
For more information on production servers see: https://docs.djangoproject.com/en/6.0/howto/deployment/
Watching for file changes with StatReloader
[04/May/2026 14:20:16] "POST /api/auth/register/ HTTP/1.1" 201 64
[04/May/2026 14:20:18] "POST /api/auth/login/ HTTP/1.1" 200 567
Not Found: /api/notifications/unread-count/
[04/May/2026 14:20:18] "GET /api/notifications/unread-count/ HTTP/1.1" 404 27150
Not Found: /api/notifications/unread-count/
[04/May/2026 14:20:18] "GET /api/notifications/unread-count/ HTTP/1.1" 404 27150
Not Found: /api/notifications/
[04/May/2026 14:20:18] "GET /api/notifications/ HTTP/1.1" 404 27111
Not Found: /api/notifications/mark-read-bulk/
[04/May/2026 14:20:18] "POST /api/notifications/mark-read-bulk/ HTTP/1.1" 404 27157
Not Found: /api/notifications/unread-count/
[04/May/2026 14:20:18] "GET /api/notifications/unread-count/ HTTP/1.1" 404 27150
/home/snofy/project_matier/PM-A-backend/config/urls.py changed, reloading.
Performing system checks...

System check identified no issues (0 silenced).
May 04, 2026 - 14:20:00
Django version 6.0.4, using settings 'config.settings'
Starting development server at http://0.0.0.0:8000/
Quit the server with CONTROL-C.

WARNING: This is a development server. Do not use it in a production setting. Use a production WSGI or ASGI server instead.
For more information on production servers see: https://docs.djangoproject.com/en/6.0/howto/deployment/
Watching for file changes with StatReloader
[04/May/2026 14:20:54] "POST /api/auth/register/ HTTP/1.1" 201 64
[04/May/2026 14:20:55] "POST /api/auth/login/ HTTP/1.1" 200 567
[04/May/2026 14:20:55] "GET /api/notifications/unread-count/ HTTP/1.1" 200 18
[04/May/2026 14:20:56] "GET /api/notifications/unread-count/ HTTP/1.1" 200 18
[04/May/2026 14:20:56] "GET /api/notifications/ HTTP/1.1" 200 646
[04/May/2026 14:20:56] "POST /api/notifications/mark-read-bulk/ HTTP/1.1" 200 37
[04/May/2026 14:20:56] "GET /api/notifications/unread-count/ HTTP/1.1" 200 18
/home/snofy/project_matier/PM-A-backend/tickets/views.py changed, reloading.
Performing system checks...

System check identified no issues (0 silenced).
May 04, 2026 - 14:20:30
Django version 6.0.4, using settings 'config.settings'
Starting development server at http://0.0.0.0:8000/
Quit the server with CONTROL-C.

WARNING: This is a development server. Do not use it in a production setting. Use a production WSGI or ASGI server instead.
For more information on production servers see: https://docs.djangoproject.com/en/6.0/howto/deployment/
Watching for file changes with StatReloader
[04/May/2026 14:50:25] "POST /api/auth/register/ HTTP/1.1" 201 64
[04/May/2026 14:50:26] "POST /api/auth/login/ HTTP/1.1" 200 567
Not Found: /api/organizations/
[04/May/2026 14:50:27] "POST /api/organizations/ HTTP/1.1" 404 28425
[04/May/2026 14:50:27] "POST /api/projects/ HTTP/1.1" 201 347
[04/May/2026 14:50:27] "POST /api/projects/8793a94b-0411-4bda-b38f-98797eb81b2f/tickets/ HTTP/1.1" 201 370
[04/May/2026 14:50:27] "POST /api/projects/8793a94b-0411-4bda-b38f-98797eb81b2f/tickets/7a09cfa0-c116-447d-9fd1-72e448829236/labels/ HTTP/1.1" 200 446
[04/May/2026 14:50:27] "POST /api/projects/8793a94b-0411-4bda-b38f-98797eb81b2f/tickets/7a09cfa0-c116-447d-9fd1-72e448829236/labels/ HTTP/1.1" 200 474
[04/May/2026 14:50:27] "GET /api/projects/8793a94b-0411-4bda-b38f-98797eb81b2f/tickets/7a09cfa0-c116-447d-9fd1-72e448829236/labels/ HTTP/1.1" 200 37
[04/May/2026 14:50:27] "POST /api/projects/8793a94b-0411-4bda-b38f-98797eb81b2f/tickets/7a09cfa0-c116-447d-9fd1-72e448829236/labels/ HTTP/1.1" 200 459
[04/May/2026 14:50:27] "POST /api/projects/8793a94b-0411-4bda-b38f-98797eb81b2f/tickets/7a09cfa0-c116-447d-9fd1-72e448829236/labels/ HTTP/1.1" 200 440
[04/May/2026 14:53:15] "GET /api/docs/ HTTP/1.1" 200 4639
/home/snofy/project_matier/PM-A-backend/accounts/views.py: Error [LogoutView]: unable to guess serializer. This is graceful fallback handling for APIViews. Consider using GenericAPIView as view base class, if view is under your control. Either way you may want to add a serializer_class (or method). Ignoring view for now.
/home/snofy/project_matier/PM-A-backend/accounts/views.py: Warning [LogoutView]: could not resolve authenticator <class 'accounts.authentication.JWTAuthentication'>. There was no OpenApiAuthenticationExtension registered for that class. Try creating one by subclassing it. Ignoring for now.
/home/snofy/project_matier/PM-A-backend/accounts/views.py: Error [MFASetupView]: unable to guess serializer. This is graceful fallback handling for APIViews. Consider using GenericAPIView as view base class, if view is under your control. Either way you may want to add a serializer_class (or method). Ignoring view for now.
/home/snofy/project_matier/PM-A-backend/accounts/views.py: Warning [MFASetupView]: could not resolve authenticator <class 'accounts.authentication.JWTAuthentication'>. There was no OpenApiAuthenticationExtension registered for that class. Try creating one by subclassing it. Ignoring for now.
/home/snofy/project_matier/PM-A-backend/accounts/views.py: Error [MFAVerifyView]: unable to guess serializer. This is graceful fallback handling for APIViews. Consider using GenericAPIView as view base class, if view is under your control. Either way you may want to add a serializer_class (or method). Ignoring view for now.
/home/snofy/project_matier/PM-A-backend/accounts/views.py: Warning [MFAVerifyView]: could not resolve authenticator <class 'accounts.authentication.JWTAuthentication'>. There was no OpenApiAuthenticationExtension registered for that class. Try creating one by subclassing it. Ignoring for now.
/home/snofy/project_matier/PM-A-backend/accounts/views.py: Error [OAuthLoginView]: unable to guess serializer. This is graceful fallback handling for APIViews. Consider using GenericAPIView as view base class, if view is under your control. Either way you may want to add a serializer_class (or method). Ignoring view for now.
/home/snofy/project_matier/PM-A-backend/accounts/views.py: Warning [OAuthLoginView]: could not resolve authenticator <class 'accounts.authentication.JWTAuthentication'>. There was no OpenApiAuthenticationExtension registered for that class. Try creating one by subclassing it. Ignoring for now.
/home/snofy/project_matier/PM-A-backend/accounts/views.py: Warning [RegisterView]: could not resolve authenticator <class 'accounts.authentication.JWTAuthentication'>. There was no OpenApiAuthenticationExtension registered for that class. Try creating one by subclassing it. Ignoring for now.
/home/snofy/project_matier/PM-A-backend/accounts/views.py: Error [PasswordResetRequestView]: unable to guess serializer. This is graceful fallback handling for APIViews. Consider using GenericAPIView as view base class, if view is under your control. Either way you may want to add a serializer_class (or method). Ignoring view for now.
/home/snofy/project_matier/PM-A-backend/accounts/views.py: Warning [PasswordResetRequestView]: could not resolve authenticator <class 'accounts.authentication.JWTAuthentication'>. There was no OpenApiAuthenticationExtension registered for that class. Try creating one by subclassing it. Ignoring for now.
/home/snofy/project_matier/PM-A-backend/accounts/views.py: Error [PasswordResetConfirmView]: unable to guess serializer. This is graceful fallback handling for APIViews. Consider using GenericAPIView as view base class, if view is under your control. Either way you may want to add a serializer_class (or method). Ignoring view for now.
/home/snofy/project_matier/PM-A-backend/accounts/views.py: Warning [PasswordResetConfirmView]: could not resolve authenticator <class 'accounts.authentication.JWTAuthentication'>. There was no OpenApiAuthenticationExtension registered for that class. Try creating one by subclassing it. Ignoring for now.
/home/snofy/project_matier/PM-A-backend/accounts/views.py: Error [PasswordResetVerifyOTPView]: unable to guess serializer. This is graceful fallback handling for APIViews. Consider using GenericAPIView as view base class, if view is under your control. Either way you may want to add a serializer_class (or method). Ignoring view for now.
/home/snofy/project_matier/PM-A-backend/accounts/views.py: Warning [PasswordResetVerifyOTPView]: could not resolve authenticator <class 'accounts.authentication.JWTAuthentication'>. There was no OpenApiAuthenticationExtension registered for that class. Try creating one by subclassing it. Ignoring for now.
/home/snofy/project_matier/PM-A-backend/accounts/views.py: Error [CookieTokenRefreshView]: unable to guess serializer. This is graceful fallback handling for APIViews. Consider using GenericAPIView as view base class, if view is under your control. Either way you may want to add a serializer_class (or method). Ignoring view for now.
/home/snofy/project_matier/PM-A-backend/accounts/views.py: Warning [CookieTokenRefreshView]: could not resolve authenticator <class 'accounts.authentication.JWTAuthentication'>. There was no OpenApiAuthenticationExtension registered for that class. Try creating one by subclassing it. Ignoring for now.
/home/snofy/project_matier/PM-A-backend/project/views.py: Error [BoardColumnDetailView]: unable to guess serializer. This is graceful fallback handling for APIViews. Consider using GenericAPIView as view base class, if view is under your control. Either way you may want to add a serializer_class (or method). Ignoring view for now.
/home/snofy/project_matier/PM-A-backend/project/views.py: Warning [BoardColumnDetailView]: could not resolve authenticator <class 'accounts.authentication.JWTAuthentication'>. There was no OpenApiAuthenticationExtension registered for that class. Try creating one by subclassing it. Ignoring for now.
/home/snofy/project_matier/PM-A-backend/collaboration/views.py: Error [ChatMessageListCreateView]: unable to guess serializer. This is graceful fallback handling for APIViews. Consider using GenericAPIView as view base class, if view is under your control. Either way you may want to add a serializer_class (or method). Ignoring view for now.
/home/snofy/project_matier/PM-A-backend/collaboration/views.py: Warning [ChatMessageListCreateView]: could not resolve authenticator <class 'accounts.authentication.JWTAuthentication'>. There was no OpenApiAuthenticationExtension registered for that class. Try creating one by subclassing it. Ignoring for now.
/home/snofy/project_matier/PM-A-backend/collaboration/views.py: Error [DirectChannelGetCreateView]: unable to guess serializer. This is graceful fallback handling for APIViews. Consider using GenericAPIView as view base class, if view is under your control. Either way you may want to add a serializer_class (or method). Ignoring view for now.
/home/snofy/project_matier/PM-A-backend/collaboration/views.py: Warning [DirectChannelGetCreateView]: could not resolve authenticator <class 'accounts.authentication.JWTAuthentication'>. There was no OpenApiAuthenticationExtension registered for that class. Try creating one by subclassing it. Ignoring for now.
/home/snofy/project_matier/PM-A-backend/collaboration/views.py: Warning [GlobalCommentViewSet]: could not resolve authenticator <class 'accounts.authentication.JWTAuthentication'>. There was no OpenApiAuthenticationExtension registered for that class. Try creating one by subclassing it. Ignoring for now.
/home/snofy/project_matier/PM-A-backend/collaboration/serializer.py: Warning [GlobalCommentViewSet > CommentSerializer]: unable to resolve type hint for function "get_object_type". Consider using a type hint or @extend_schema_field. Defaulting to string.
/home/snofy/project_matier/PM-A-backend/project/views.py: Error [DashboardView]: unable to guess serializer. This is graceful fallback handling for APIViews. Consider using GenericAPIView as view base class, if view is under your control. Either way you may want to add a serializer_class (or method). Ignoring view for now.
/home/snofy/project_matier/PM-A-backend/project/views.py: Warning [DashboardView]: could not resolve authenticator <class 'accounts.authentication.JWTAuthentication'>. There was no OpenApiAuthenticationExtension registered for that class. Try creating one by subclassing it. Ignoring for now.
/home/snofy/project_matier/PM-A-backend/project/views.py: Error [DashboardProjectsView]: unable to guess serializer. This is graceful fallback handling for APIViews. Consider using GenericAPIView as view base class, if view is under your control. Either way you may want to add a serializer_class (or method). Ignoring view for now.
/home/snofy/project_matier/PM-A-backend/project/views.py: Warning [DashboardProjectsView]: could not resolve authenticator <class 'accounts.authentication.JWTAuthentication'>. There was no OpenApiAuthenticationExtension registered for that class. Try creating one by subclassing it. Ignoring for now.
/home/snofy/project_matier/PM-A-backend/project/views.py: Error [RecentProjectsView]: unable to guess serializer. This is graceful fallback handling for APIViews. Consider using GenericAPIView as view base class, if view is under your control. Either way you may want to add a serializer_class (or method). Ignoring view for now.
/home/snofy/project_matier/PM-A-backend/project/views.py: Warning [RecentProjectsView]: could not resolve authenticator <class 'accounts.authentication.JWTAuthentication'>. There was no OpenApiAuthenticationExtension registered for that class. Try creating one by subclassing it. Ignoring for now.
/home/snofy/project_matier/PM-A-backend/project/views.py: Error [DashboardStatsView]: unable to guess serializer. This is graceful fallback handling for APIViews. Consider using GenericAPIView as view base class, if view is under your control. Either way you may want to add a serializer_class (or method). Ignoring view for now.
/home/snofy/project_matier/PM-A-backend/project/views.py: Warning [DashboardStatsView]: could not resolve authenticator <class 'accounts.authentication.JWTAuthentication'>. There was no OpenApiAuthenticationExtension registered for that class. Try creating one by subclassing it. Ignoring for now.
/home/snofy/project_matier/PM-A-backend/project/views.py: Error [health_check]: unable to guess serializer. This is graceful fallback handling for APIViews. Consider using GenericAPIView as view base class, if view is under your control. Either way you may want to add a serializer_class (or method). Ignoring view for now.
/home/snofy/project_matier/PM-A-backend/project/views.py: Warning [health_check]: could not resolve authenticator <class 'accounts.authentication.JWTAuthentication'>. There was no OpenApiAuthenticationExtension registered for that class. Try creating one by subclassing it. Ignoring for now.
/home/snofy/project_matier/PM-A-backend/core/views.py: Error [NotificationListView]: unable to guess serializer. This is graceful fallback handling for APIViews. Consider using GenericAPIView as view base class, if view is under your control. Either way you may want to add a serializer_class (or method). Ignoring view for now.
/home/snofy/project_matier/PM-A-backend/core/views.py: Warning [NotificationListView]: could not resolve authenticator <class 'accounts.authentication.JWTAuthentication'>. There was no OpenApiAuthenticationExtension registered for that class. Try creating one by subclassing it. Ignoring for now.
/home/snofy/project_matier/PM-A-backend/core/views.py: Error [MarkNotificationReadView]: unable to guess serializer. This is graceful fallback handling for APIViews. Consider using GenericAPIView as view base class, if view is under your control. Either way you may want to add a serializer_class (or method). Ignoring view for now.
/home/snofy/project_matier/PM-A-backend/core/views.py: Warning [MarkNotificationReadView]: could not resolve authenticator <class 'accounts.authentication.JWTAuthentication'>. There was no OpenApiAuthenticationExtension registered for that class. Try creating one by subclassing it. Ignoring for now.
/home/snofy/project_matier/PM-A-backend/core/views.py: Error [NotificationMarkReadBulkView]: unable to guess serializer. This is graceful fallback handling for APIViews. Consider using GenericAPIView as view base class, if view is under your control. Either way you may want to add a serializer_class (or method). Ignoring view for now.
/home/snofy/project_matier/PM-A-backend/core/views.py: Warning [NotificationMarkReadBulkView]: could not resolve authenticator <class 'accounts.authentication.JWTAuthentication'>. There was no OpenApiAuthenticationExtension registered for that class. Try creating one by subclassing it. Ignoring for now.
/home/snofy/project_matier/PM-A-backend/core/views.py: Error [MarkAllNotificationsReadView]: unable to guess serializer. This is graceful fallback handling for APIViews. Consider using GenericAPIView as view base class, if view is under your control. Either way you may want to add a serializer_class (or method). Ignoring view for now.
/home/snofy/project_matier/PM-A-backend/core/views.py: Warning [MarkAllNotificationsReadView]: could not resolve authenticator <class 'accounts.authentication.JWTAuthentication'>. There was no OpenApiAuthenticationExtension registered for that class. Try creating one by subclassing it. Ignoring for now.
/home/snofy/project_matier/PM-A-backend/core/views.py: Error [NotificationUnreadCountView]: unable to guess serializer. This is graceful fallback handling for APIViews. Consider using GenericAPIView as view base class, if view is under your control. Either way you may want to add a serializer_class (or method). Ignoring view for now.
/home/snofy/project_matier/PM-A-backend/core/views.py: Warning [NotificationUnreadCountView]: could not resolve authenticator <class 'accounts.authentication.JWTAuthentication'>. There was no OpenApiAuthenticationExtension registered for that class. Try creating one by subclassing it. Ignoring for now.
/home/snofy/project_matier/PM-A-backend/orgs/views.py: Warning [InvitationViewSet]: could not resolve authenticator <class 'accounts.authentication.JWTAuthentication'>. There was no OpenApiAuthenticationExtension registered for that class. Try creating one by subclassing it. Ignoring for now.
/home/snofy/project_matier/PM-A-backend/orgs/views.py: Error [AcceptInvitationView]: unable to guess serializer. This is graceful fallback handling for APIViews. Consider using GenericAPIView as view base class, if view is under your control. Either way you may want to add a serializer_class (or method). Ignoring view for now.
/home/snofy/project_matier/PM-A-backend/orgs/views.py: Warning [AcceptInvitationView]: could not resolve authenticator <class 'accounts.authentication.JWTAuthentication'>. There was no OpenApiAuthenticationExtension registered for that class. Try creating one by subclassing it. Ignoring for now.
/home/snofy/project_matier/PM-A-backend/orgs/views.py: Warning [OrganizationViewSet]: could not resolve authenticator <class 'accounts.authentication.JWTAuthentication'>. There was no OpenApiAuthenticationExtension registered for that class. Try creating one by subclassing it. Ignoring for now.
/home/snofy/project_matier/PM-A-backend/orgs/views.py: Warning [OrganizationViewSet]: could not derive type of path parameter "id" because it is untyped and obtaining queryset from the viewset failed. Consider adding a type to the path (e.g. <int:id>) or annotating the parameter type with @extend_schema. Defaulting to "string".
/home/snofy/project_matier/PM-A-backend/project/views.py: Error [OrganizationReleaseListView]: unable to guess serializer. This is graceful fallback handling for APIViews. Consider using GenericAPIView as view base class, if view is under your control. Either way you may want to add a serializer_class (or method). Ignoring view for now.
/home/snofy/project_matier/PM-A-backend/project/views.py: Warning [OrganizationReleaseListView]: could not resolve authenticator <class 'accounts.authentication.JWTAuthentication'>. There was no OpenApiAuthenticationExtension registered for that class. Try creating one by subclassing it. Ignoring for now.
/home/snofy/project_matier/PM-A-backend/orgs/views.py: Error [OrganizationTreeView]: unable to guess serializer. This is graceful fallback handling for APIViews. Consider using GenericAPIView as view base class, if view is under your control. Either way you may want to add a serializer_class (or method). Ignoring view for now.
/home/snofy/project_matier/PM-A-backend/orgs/views.py: Warning [OrganizationTreeView]: could not resolve authenticator <class 'accounts.authentication.JWTAuthentication'>. There was no OpenApiAuthenticationExtension registered for that class. Try creating one by subclassing it. Ignoring for now.
/home/snofy/project_matier/PM-A-backend/orgs/views.py: Warning [WorkspaceViewSet]: could not resolve authenticator <class 'accounts.authentication.JWTAuthentication'>. There was no OpenApiAuthenticationExtension registered for that class. Try creating one by subclassing it. Ignoring for now.
/home/snofy/project_matier/PM-A-backend/orgs/views.py: Warning [WorkspaceViewSet]: could not derive type of path parameter "id" because it is untyped and obtaining queryset from the viewset failed. Consider adding a type to the path (e.g. <int:id>) or annotating the parameter type with @extend_schema. Defaulting to "string".
/home/snofy/project_matier/PM-A-backend/project/views.py: Error [ProjectListCreateView]: unable to guess serializer. This is graceful fallback handling for APIViews. Consider using GenericAPIView as view base class, if view is under your control. Either way you may want to add a serializer_class (or method). Ignoring view for now.
/home/snofy/project_matier/PM-A-backend/project/views.py: Warning [ProjectListCreateView]: could not resolve authenticator <class 'accounts.authentication.JWTAuthentication'>. There was no OpenApiAuthenticationExtension registered for that class. Try creating one by subclassing it. Ignoring for now.
/home/snofy/project_matier/PM-A-backend/project/views.py: Error [ProjectDetailView]: unable to guess serializer. This is graceful fallback handling for APIViews. Consider using GenericAPIView as view base class, if view is under your control. Either way you may want to add a serializer_class (or method). Ignoring view for now.
/home/snofy/project_matier/PM-A-backend/project/views.py: Warning [ProjectDetailView]: could not resolve authenticator <class 'accounts.authentication.JWTAuthentication'>. There was no OpenApiAuthenticationExtension registered for that class. Try creating one by subclassing it. Ignoring for now.
/home/snofy/project_matier/PM-A-backend/project/views.py: Error [ProjectArchiveView]: unable to guess serializer. This is graceful fallback handling for APIViews. Consider using GenericAPIView as view base class, if view is under your control. Either way you may want to add a serializer_class (or method). Ignoring view for now.
/home/snofy/project_matier/PM-A-backend/project/views.py: Warning [ProjectArchiveView]: could not resolve authenticator <class 'accounts.authentication.JWTAuthentication'>. There was no OpenApiAuthenticationExtension registered for that class. Try creating one by subclassing it. Ignoring for now.
/home/snofy/project_matier/PM-A-backend/tickets/views.py: Error [BacklogListCreateView]: unable to guess serializer. This is graceful fallback handling for APIViews. Consider using GenericAPIView as view base class, if view is under your control. Either way you may want to add a serializer_class (or method). Ignoring view for now.
/home/snofy/project_matier/PM-A-backend/tickets/views.py: Warning [BacklogListCreateView]: could not resolve authenticator <class 'accounts.authentication.JWTAuthentication'>. There was no OpenApiAuthenticationExtension registered for that class. Try creating one by subclassing it. Ignoring for now.
/home/snofy/project_matier/PM-A-backend/tickets/views.py: Error [BacklogDeleteView]: unable to guess serializer. This is graceful fallback handling for APIViews. Consider using GenericAPIView as view base class, if view is under your control. Either way you may want to add a serializer_class (or method). Ignoring view for now.
/home/snofy/project_matier/PM-A-backend/tickets/views.py: Warning [BacklogDeleteView]: could not resolve authenticator <class 'accounts.authentication.JWTAuthentication'>. There was no OpenApiAuthenticationExtension registered for that class. Try creating one by subclassing it. Ignoring for now.
/home/snofy/project_matier/PM-A-backend/tickets/views.py: Error [BacklogAddToSprintView]: unable to guess serializer. This is graceful fallback handling for APIViews. Consider using GenericAPIView as view base class, if view is under your control. Either way you may want to add a serializer_class (or method). Ignoring view for now.
/home/snofy/project_matier/PM-A-backend/tickets/views.py: Warning [BacklogAddToSprintView]: could not resolve authenticator <class 'accounts.authentication.JWTAuthentication'>. There was no OpenApiAuthenticationExtension registered for that class. Try creating one by subclassing it. Ignoring for now.
/home/snofy/project_matier/PM-A-backend/tickets/views.py: Error [BacklogPrioritizeView]: unable to guess serializer. This is graceful fallback handling for APIViews. Consider using GenericAPIView as view base class, if view is under your control. Either way you may want to add a serializer_class (or method). Ignoring view for now.
/home/snofy/project_matier/PM-A-backend/tickets/views.py: Warning [BacklogPrioritizeView]: could not resolve authenticator <class 'accounts.authentication.JWTAuthentication'>. There was no OpenApiAuthenticationExtension registered for that class. Try creating one by subclassing it. Ignoring for now.
/home/snofy/project_matier/PM-A-backend/project/views.py: Error [BoardView]: unable to guess serializer. This is graceful fallback handling for APIViews. Consider using GenericAPIView as view base class, if view is under your control. Either way you may want to add a serializer_class (or method). Ignoring view for now.
/home/snofy/project_matier/PM-A-backend/project/views.py: Warning [BoardView]: could not resolve authenticator <class 'accounts.authentication.JWTAuthentication'>. There was no OpenApiAuthenticationExtension registered for that class. Try creating one by subclassing it. Ignoring for now.
/home/snofy/project_matier/PM-A-backend/project/views.py: Error [BoardColumnCreateView]: unable to guess serializer. This is graceful fallback handling for APIViews. Consider using GenericAPIView as view base class, if view is under your control. Either way you may want to add a serializer_class (or method). Ignoring view for now.
/home/snofy/project_matier/PM-A-backend/project/views.py: Warning [BoardColumnCreateView]: could not resolve authenticator <class 'accounts.authentication.JWTAuthentication'>. There was no OpenApiAuthenticationExtension registered for that class. Try creating one by subclassing it. Ignoring for now.
/home/snofy/project_matier/PM-A-backend/project/views.py: Error [BoardConfigView]: unable to guess serializer. This is graceful fallback handling for APIViews. Consider using GenericAPIView as view base class, if view is under your control. Either way you may want to add a serializer_class (or method). Ignoring view for now.
/home/snofy/project_matier/PM-A-backend/project/views.py: Warning [BoardConfigView]: could not resolve authenticator <class 'accounts.authentication.JWTAuthentication'>. There was no OpenApiAuthenticationExtension registered for that class. Try creating one by subclassing it. Ignoring for now.
/home/snofy/project_matier/PM-A-backend/project/views.py: Error [BoardStatsView]: unable to guess serializer. This is graceful fallback handling for APIViews. Consider using GenericAPIView as view base class, if view is under your control. Either way you may want to add a serializer_class (or method). Ignoring view for now.
/home/snofy/project_matier/PM-A-backend/project/views.py: Warning [BoardStatsView]: could not resolve authenticator <class 'accounts.authentication.JWTAuthentication'>. There was no OpenApiAuthenticationExtension registered for that class. Try creating one by subclassing it. Ignoring for now.
/home/snofy/project_matier/PM-A-backend/project/views.py: Error [BoardTaskSummaryView]: unable to guess serializer. This is graceful fallback handling for APIViews. Consider using GenericAPIView as view base class, if view is under your control. Either way you may want to add a serializer_class (or method). Ignoring view for now.
/home/snofy/project_matier/PM-A-backend/project/views.py: Warning [BoardTaskSummaryView]: could not resolve authenticator <class 'accounts.authentication.JWTAuthentication'>. There was no OpenApiAuthenticationExtension registered for that class. Try creating one by subclassing it. Ignoring for now.
/home/snofy/project_matier/PM-A-backend/tickets/views.py: Error [TicketMoveView]: unable to guess serializer. This is graceful fallback handling for APIViews. Consider using GenericAPIView as view base class, if view is under your control. Either way you may want to add a serializer_class (or method). Ignoring view for now.
/home/snofy/project_matier/PM-A-backend/tickets/views.py: Warning [TicketMoveView]: could not resolve authenticator <class 'accounts.authentication.JWTAuthentication'>. There was no OpenApiAuthenticationExtension registered for that class. Try creating one by subclassing it. Ignoring for now.
/home/snofy/project_matier/PM-A-backend/tickets/views.py: Error [TicketMovementListView]: unable to guess serializer. This is graceful fallback handling for APIViews. Consider using GenericAPIView as view base class, if view is under your control. Either way you may want to add a serializer_class (or method). Ignoring view for now.
/home/snofy/project_matier/PM-A-backend/tickets/views.py: Warning [TicketMovementListView]: could not resolve authenticator <class 'accounts.authentication.JWTAuthentication'>. There was no OpenApiAuthenticationExtension registered for that class. Try creating one by subclassing it. Ignoring for now.
/home/snofy/project_matier/PM-A-backend/collaboration/views.py: Error [ProjectChannelListCreateView]: unable to guess serializer. This is graceful fallback handling for APIViews. Consider using GenericAPIView as view base class, if view is under your control. Either way you may want to add a serializer_class (or method). Ignoring view for now.
/home/snofy/project_matier/PM-A-backend/collaboration/views.py: Warning [ProjectChannelListCreateView]: could not resolve authenticator <class 'accounts.authentication.JWTAuthentication'>. There was no OpenApiAuthenticationExtension registered for that class. Try creating one by subclassing it. Ignoring for now.
/home/snofy/project_matier/PM-A-backend/project/views.py: Error [ProjectCloseView]: unable to guess serializer. This is graceful fallback handling for APIViews. Consider using GenericAPIView as view base class, if view is under your control. Either way you may want to add a serializer_class (or method). Ignoring view for now.
/home/snofy/project_matier/PM-A-backend/project/views.py: Warning [ProjectCloseView]: could not resolve authenticator <class 'accounts.authentication.JWTAuthentication'>. There was no OpenApiAuthenticationExtension registered for that class. Try creating one by subclassing it. Ignoring for now.
/home/snofy/project_matier/PM-A-backend/project/views.py: Error [ProjectDocumentListView]: unable to guess serializer. This is graceful fallback handling for APIViews. Consider using GenericAPIView as view base class, if view is under your control. Either way you may want to add a serializer_class (or method). Ignoring view for now.
/home/snofy/project_matier/PM-A-backend/project/views.py: Warning [ProjectDocumentListView]: could not resolve authenticator <class 'accounts.authentication.JWTAuthentication'>. There was no OpenApiAuthenticationExtension registered for that class. Try creating one by subclassing it. Ignoring for now.
/home/snofy/project_matier/PM-A-backend/project/views.py: Error [ProjectDocumentDetailView]: unable to guess serializer. This is graceful fallback handling for APIViews. Consider using GenericAPIView as view base class, if view is under your control. Either way you may want to add a serializer_class (or method). Ignoring view for now.
/home/snofy/project_matier/PM-A-backend/project/views.py: Warning [ProjectDocumentDetailView]: could not resolve authenticator <class 'accounts.authentication.JWTAuthentication'>. There was no OpenApiAuthenticationExtension registered for that class. Try creating one by subclassing it. Ignoring for now.
/home/snofy/project_matier/PM-A-backend/project/views.py: Error [ProjectFileListView]: unable to guess serializer. This is graceful fallback handling for APIViews. Consider using GenericAPIView as view base class, if view is under your control. Either way you may want to add a serializer_class (or method). Ignoring view for now.
/home/snofy/project_matier/PM-A-backend/project/views.py: Warning [ProjectFileListView]: could not resolve authenticator <class 'accounts.authentication.JWTAuthentication'>. There was no OpenApiAuthenticationExtension registered for that class. Try creating one by subclassing it. Ignoring for now.
/home/snofy/project_matier/PM-A-backend/project/views.py: Error [ProjectFileDetailView]: unable to guess serializer. This is graceful fallback handling for APIViews. Consider using GenericAPIView as view base class, if view is under your control. Either way you may want to add a serializer_class (or method). Ignoring view for now.
/home/snofy/project_matier/PM-A-backend/project/views.py: Warning [ProjectFileDetailView]: could not resolve authenticator <class 'accounts.authentication.JWTAuthentication'>. There was no OpenApiAuthenticationExtension registered for that class. Try creating one by subclassing it. Ignoring for now.
/home/snofy/project_matier/PM-A-backend/project/views.py: Error [ProjectMembersView]: unable to guess serializer. This is graceful fallback handling for APIViews. Consider using GenericAPIView as view base class, if view is under your control. Either way you may want to add a serializer_class (or method). Ignoring view for now.
/home/snofy/project_matier/PM-A-backend/project/views.py: Warning [ProjectMembersView]: could not resolve authenticator <class 'accounts.authentication.JWTAuthentication'>. There was no OpenApiAuthenticationExtension registered for that class. Try creating one by subclassing it. Ignoring for now.
/home/snofy/project_matier/PM-A-backend/project/views.py: Error [MemberProgressReportView]: unable to guess serializer. This is graceful fallback handling for APIViews. Consider using GenericAPIView as view base class, if view is under your control. Either way you may want to add a serializer_class (or method). Ignoring view for now.
/home/snofy/project_matier/PM-A-backend/project/views.py: Warning [MemberProgressReportView]: could not resolve authenticator <class 'accounts.authentication.JWTAuthentication'>. There was no OpenApiAuthenticationExtension registered for that class. Try creating one by subclassing it. Ignoring for now.
/home/snofy/project_matier/PM-A-backend/tickets/views.py: Error [ReleaseListCreateView]: unable to guess serializer. This is graceful fallback handling for APIViews. Consider using GenericAPIView as view base class, if view is under your control. Either way you may want to add a serializer_class (or method). Ignoring view for now.
/home/snofy/project_matier/PM-A-backend/tickets/views.py: Warning [ReleaseListCreateView]: could not resolve authenticator <class 'accounts.authentication.JWTAuthentication'>. There was no OpenApiAuthenticationExtension registered for that class. Try creating one by subclassing it. Ignoring for now.
/home/snofy/project_matier/PM-A-backend/tickets/views.py: Error [ReleaseDetailView]: unable to guess serializer. This is graceful fallback handling for APIViews. Consider using GenericAPIView as view base class, if view is under your control. Either way you may want to add a serializer_class (or method). Ignoring view for now.
/home/snofy/project_matier/PM-A-backend/tickets/views.py: Warning [ReleaseDetailView]: could not resolve authenticator <class 'accounts.authentication.JWTAuthentication'>. There was no OpenApiAuthenticationExtension registered for that class. Try creating one by subclassing it. Ignoring for now.
/home/snofy/project_matier/PM-A-backend/tickets/views.py: Error [ReleaseCloseView]: unable to guess serializer. This is graceful fallback handling for APIViews. Consider using GenericAPIView as view base class, if view is under your control. Either way you may want to add a serializer_class (or method). Ignoring view for now.
/home/snofy/project_matier/PM-A-backend/tickets/views.py: Warning [ReleaseCloseView]: could not resolve authenticator <class 'accounts.authentication.JWTAuthentication'>. There was no OpenApiAuthenticationExtension registered for that class. Try creating one by subclassing it. Ignoring for now.
/home/snofy/project_matier/PM-A-backend/tickets/views.py: Error [ReleaseDashboardView]: unable to guess serializer. This is graceful fallback handling for APIViews. Consider using GenericAPIView as view base class, if view is under your control. Either way you may want to add a serializer_class (or method). Ignoring view for now.
/home/snofy/project_matier/PM-A-backend/tickets/views.py: Warning [ReleaseDashboardView]: could not resolve authenticator <class 'accounts.authentication.JWTAuthentication'>. There was no OpenApiAuthenticationExtension registered for that class. Try creating one by subclassing it. Ignoring for now.
/home/snofy/project_matier/PM-A-backend/tickets/views.py: Error [ReleaseIssuesSummaryView]: unable to guess serializer. This is graceful fallback handling for APIViews. Consider using GenericAPIView as view base class, if view is under your control. Either way you may want to add a serializer_class (or method). Ignoring view for now.
/home/snofy/project_matier/PM-A-backend/tickets/views.py: Warning [ReleaseIssuesSummaryView]: could not resolve authenticator <class 'accounts.authentication.JWTAuthentication'>. There was no OpenApiAuthenticationExtension registered for that class. Try creating one by subclassing it. Ignoring for now.
/home/snofy/project_matier/PM-A-backend/project/views.py: Error [ProjectProgressReportView]: unable to guess serializer. This is graceful fallback handling for APIViews. Consider using GenericAPIView as view base class, if view is under your control. Either way you may want to add a serializer_class (or method). Ignoring view for now.
/home/snofy/project_matier/PM-A-backend/project/views.py: Warning [ProjectProgressReportView]: could not resolve authenticator <class 'accounts.authentication.JWTAuthentication'>. There was no OpenApiAuthenticationExtension registered for that class. Try creating one by subclassing it. Ignoring for now.
/home/snofy/project_matier/PM-A-backend/role/views.py: Error [RoleListCreateView]: unable to guess serializer. This is graceful fallback handling for APIViews. Consider using GenericAPIView as view base class, if view is under your control. Either way you may want to add a serializer_class (or method). Ignoring view for now.
/home/snofy/project_matier/PM-A-backend/role/views.py: Warning [RoleListCreateView]: could not resolve authenticator <class 'accounts.authentication.JWTAuthentication'>. There was no OpenApiAuthenticationExtension registered for that class. Try creating one by subclassing it. Ignoring for now.
/home/snofy/project_matier/PM-A-backend/role/views.py: Error [RoleDetailView]: unable to guess serializer. This is graceful fallback handling for APIViews. Consider using GenericAPIView as view base class, if view is under your control. Either way you may want to add a serializer_class (or method). Ignoring view for now.
/home/snofy/project_matier/PM-A-backend/role/views.py: Warning [RoleDetailView]: could not resolve authenticator <class 'accounts.authentication.JWTAuthentication'>. There was no OpenApiAuthenticationExtension registered for that class. Try creating one by subclassing it. Ignoring for now.
/home/snofy/project_matier/PM-A-backend/project/views.py: Error [SprintListCreateView]: unable to guess serializer. This is graceful fallback handling for APIViews. Consider using GenericAPIView as view base class, if view is under your control. Either way you may want to add a serializer_class (or method). Ignoring view for now.
/home/snofy/project_matier/PM-A-backend/project/views.py: Warning [SprintListCreateView]: could not resolve authenticator <class 'accounts.authentication.JWTAuthentication'>. There was no OpenApiAuthenticationExtension registered for that class. Try creating one by subclassing it. Ignoring for now.
/home/snofy/project_matier/PM-A-backend/project/views.py: Error [SprintDetailView]: unable to guess serializer. This is graceful fallback handling for APIViews. Consider using GenericAPIView as view base class, if view is under your control. Either way you may want to add a serializer_class (or method). Ignoring view for now.
/home/snofy/project_matier/PM-A-backend/project/views.py: Warning [SprintDetailView]: could not resolve authenticator <class 'accounts.authentication.JWTAuthentication'>. There was no OpenApiAuthenticationExtension registered for that class. Try creating one by subclassing it. Ignoring for now.
/home/snofy/project_matier/PM-A-backend/project/views.py: Error [SprintCompleteView]: unable to guess serializer. This is graceful fallback handling for APIViews. Consider using GenericAPIView as view base class, if view is under your control. Either way you may want to add a serializer_class (or method). Ignoring view for now.
/home/snofy/project_matier/PM-A-backend/project/views.py: Warning [SprintCompleteView]: could not resolve authenticator <class 'accounts.authentication.JWTAuthentication'>. There was no OpenApiAuthenticationExtension registered for that class. Try creating one by subclassing it. Ignoring for now.
/home/snofy/project_matier/PM-A-backend/project/views.py: Error [SprintReportView]: unable to guess serializer. This is graceful fallback handling for APIViews. Consider using GenericAPIView as view base class, if view is under your control. Either way you may want to add a serializer_class (or method). Ignoring view for now.
/home/snofy/project_matier/PM-A-backend/project/views.py: Warning [SprintReportView]: could not resolve authenticator <class 'accounts.authentication.JWTAuthentication'>. There was no OpenApiAuthenticationExtension registered for that class. Try creating one by subclassing it. Ignoring for now.
/home/snofy/project_matier/PM-A-backend/project/views.py: Error [SprintProgressReportView]: unable to guess serializer. This is graceful fallback handling for APIViews. Consider using GenericAPIView as view base class, if view is under your control. Either way you may want to add a serializer_class (or method). Ignoring view for now.
/home/snofy/project_matier/PM-A-backend/project/views.py: Warning [SprintProgressReportView]: could not resolve authenticator <class 'accounts.authentication.JWTAuthentication'>. There was no OpenApiAuthenticationExtension registered for that class. Try creating one by subclassing it. Ignoring for now.
/home/snofy/project_matier/PM-A-backend/project/views.py: Error [SprintStartView]: unable to guess serializer. This is graceful fallback handling for APIViews. Consider using GenericAPIView as view base class, if view is under your control. Either way you may want to add a serializer_class (or method). Ignoring view for now.
/home/snofy/project_matier/PM-A-backend/project/views.py: Warning [SprintStartView]: could not resolve authenticator <class 'accounts.authentication.JWTAuthentication'>. There was no OpenApiAuthenticationExtension registered for that class. Try creating one by subclassing it. Ignoring for now.
/home/snofy/project_matier/PM-A-backend/tickets/views.py: Error [ProjectTicketListCreateView]: unable to guess serializer. This is graceful fallback handling for APIViews. Consider using GenericAPIView as view base class, if view is under your control. Either way you may want to add a serializer_class (or method). Ignoring view for now.
/home/snofy/project_matier/PM-A-backend/tickets/views.py: Warning [ProjectTicketListCreateView]: could not resolve authenticator <class 'accounts.authentication.JWTAuthentication'>. There was no OpenApiAuthenticationExtension registered for that class. Try creating one by subclassing it. Ignoring for now.
/home/snofy/project_matier/PM-A-backend/tickets/views.py: Error [TicketDetailView]: unable to guess serializer. This is graceful fallback handling for APIViews. Consider using GenericAPIView as view base class, if view is under your control. Either way you may want to add a serializer_class (or method). Ignoring view for now.
/home/snofy/project_matier/PM-A-backend/tickets/views.py: Warning [TicketDetailView]: could not resolve authenticator <class 'accounts.authentication.JWTAuthentication'>. There was no OpenApiAuthenticationExtension registered for that class. Try creating one by subclassing it. Ignoring for now.
/home/snofy/project_matier/PM-A-backend/tickets/views.py: Error [TicketAssigneeListCreateView]: unable to guess serializer. This is graceful fallback handling for APIViews. Consider using GenericAPIView as view base class, if view is under your control. Either way you may want to add a serializer_class (or method). Ignoring view for now.
/home/snofy/project_matier/PM-A-backend/tickets/views.py: Warning [TicketAssigneeListCreateView]: could not resolve authenticator <class 'accounts.authentication.JWTAuthentication'>. There was no OpenApiAuthenticationExtension registered for that class. Try creating one by subclassing it. Ignoring for now.
/home/snofy/project_matier/PM-A-backend/tickets/views.py: Error [TicketAssigneeDeleteView]: unable to guess serializer. This is graceful fallback handling for APIViews. Consider using GenericAPIView as view base class, if view is under your control. Either way you may want to add a serializer_class (or method). Ignoring view for now.
/home/snofy/project_matier/PM-A-backend/tickets/views.py: Warning [TicketAssigneeDeleteView]: could not resolve authenticator <class 'accounts.authentication.JWTAuthentication'>. There was no OpenApiAuthenticationExtension registered for that class. Try creating one by subclassing it. Ignoring for now.
/home/snofy/project_matier/PM-A-backend/tickets/views.py: Error [TicketAttachmentListCreateView]: unable to guess serializer. This is graceful fallback handling for APIViews. Consider using GenericAPIView as view base class, if view is under your control. Either way you may want to add a serializer_class (or method). Ignoring view for now.
/home/snofy/project_matier/PM-A-backend/tickets/views.py: Warning [TicketAttachmentListCreateView]: could not resolve authenticator <class 'accounts.authentication.JWTAuthentication'>. There was no OpenApiAuthenticationExtension registered for that class. Try creating one by subclassing it. Ignoring for now.
/home/snofy/project_matier/PM-A-backend/tickets/views.py: Error [TicketAttachmentDeleteView]: unable to guess serializer. This is graceful fallback handling for APIViews. Consider using GenericAPIView as view base class, if view is under your control. Either way you may want to add a serializer_class (or method). Ignoring view for now.
/home/snofy/project_matier/PM-A-backend/tickets/views.py: Warning [TicketAttachmentDeleteView]: could not resolve authenticator <class 'accounts.authentication.JWTAuthentication'>. There was no OpenApiAuthenticationExtension registered for that class. Try creating one by subclassing it. Ignoring for now.
/home/snofy/project_matier/PM-A-backend/collaboration/views.py: Error [CommentListCreateView]: unable to guess serializer. This is graceful fallback handling for APIViews. Consider using GenericAPIView as view base class, if view is under your control. Either way you may want to add a serializer_class (or method). Ignoring view for now.
/home/snofy/project_matier/PM-A-backend/collaboration/views.py: Warning [CommentListCreateView]: could not resolve authenticator <class 'accounts.authentication.JWTAuthentication'>. There was no OpenApiAuthenticationExtension registered for that class. Try creating one by subclassing it. Ignoring for now.
/home/snofy/project_matier/PM-A-backend/collaboration/views.py: Error [CommentDetailView]: unable to guess serializer. This is graceful fallback handling for APIViews. Consider using GenericAPIView as view base class, if view is under your control. Either way you may want to add a serializer_class (or method). Ignoring view for now.
/home/snofy/project_matier/PM-A-backend/collaboration/views.py: Warning [CommentDetailView]: could not resolve authenticator <class 'accounts.authentication.JWTAuthentication'>. There was no OpenApiAuthenticationExtension registered for that class. Try creating one by subclassing it. Ignoring for now.
/home/snofy/project_matier/PM-A-backend/collaboration/views.py: Error [ReactionListCreateView]: unable to guess serializer. This is graceful fallback handling for APIViews. Consider using GenericAPIView as view base class, if view is under your control. Either way you may want to add a serializer_class (or method). Ignoring view for now.
/home/snofy/project_matier/PM-A-backend/collaboration/views.py: Warning [ReactionListCreateView]: could not resolve authenticator <class 'accounts.authentication.JWTAuthentication'>. There was no OpenApiAuthenticationExtension registered for that class. Try creating one by subclassing it. Ignoring for now.
/home/snofy/project_matier/PM-A-backend/collaboration/views.py: Error [ReactionDeleteView]: unable to guess serializer. This is graceful fallback handling for APIViews. Consider using GenericAPIView as view base class, if view is under your control. Either way you may want to add a serializer_class (or method). Ignoring view for now.
/home/snofy/project_matier/PM-A-backend/collaboration/views.py: Warning [ReactionDeleteView]: could not resolve authenticator <class 'accounts.authentication.JWTAuthentication'>. There was no OpenApiAuthenticationExtension registered for that class. Try creating one by subclassing it. Ignoring for now.
/home/snofy/project_matier/PM-A-backend/tickets/views.py: Error [TicketLabelsView]: unable to guess serializer. This is graceful fallback handling for APIViews. Consider using GenericAPIView as view base class, if view is under your control. Either way you may want to add a serializer_class (or method). Ignoring view for now.
/home/snofy/project_matier/PM-A-backend/tickets/views.py: Warning [TicketLabelsView]: could not resolve authenticator <class 'accounts.authentication.JWTAuthentication'>. There was no OpenApiAuthenticationExtension registered for that class. Try creating one by subclassing it. Ignoring for now.
/home/snofy/project_matier/PM-A-backend/tickets/views.py: Error [TicketLinkListCreateView]: unable to guess serializer. This is graceful fallback handling for APIViews. Consider using GenericAPIView as view base class, if view is under your control. Either way you may want to add a serializer_class (or method). Ignoring view for now.
/home/snofy/project_matier/PM-A-backend/tickets/views.py: Warning [TicketLinkListCreateView]: could not resolve authenticator <class 'accounts.authentication.JWTAuthentication'>. There was no OpenApiAuthenticationExtension registered for that class. Try creating one by subclassing it. Ignoring for now.
/home/snofy/project_matier/PM-A-backend/tickets/views.py: Error [TicketLinkDeleteView]: unable to guess serializer. This is graceful fallback handling for APIViews. Consider using GenericAPIView as view base class, if view is under your control. Either way you may want to add a serializer_class (or method). Ignoring view for now.
/home/snofy/project_matier/PM-A-backend/tickets/views.py: Warning [TicketLinkDeleteView]: could not resolve authenticator <class 'accounts.authentication.JWTAuthentication'>. There was no OpenApiAuthenticationExtension registered for that class. Try creating one by subclassing it. Ignoring for now.
/home/snofy/project_matier/PM-A-backend/tickets/views.py: Error [TicketStatusView]: unable to guess serializer. This is graceful fallback handling for APIViews. Consider using GenericAPIView as view base class, if view is under your control. Either way you may want to add a serializer_class (or method). Ignoring view for now.
/home/snofy/project_matier/PM-A-backend/tickets/views.py: Warning [TicketStatusView]: could not resolve authenticator <class 'accounts.authentication.JWTAuthentication'>. There was no OpenApiAuthenticationExtension registered for that class. Try creating one by subclassing it. Ignoring for now.
/home/snofy/project_matier/PM-A-backend/tickets/views.py: Error [TicketTimeEntryListCreateView]: unable to guess serializer. This is graceful fallback handling for APIViews. Consider using GenericAPIView as view base class, if view is under your control. Either way you may want to add a serializer_class (or method). Ignoring view for now.
/home/snofy/project_matier/PM-A-backend/tickets/views.py: Warning [TicketTimeEntryListCreateView]: could not resolve authenticator <class 'accounts.authentication.JWTAuthentication'>. There was no OpenApiAuthenticationExtension registered for that class. Try creating one by subclassing it. Ignoring for now.
/home/snofy/project_matier/PM-A-backend/.venv/lib/python3.12/site-packages/drf_spectacular/views.py: Warning [SpectacularAPIView]: could not resolve authenticator <class 'accounts.authentication.JWTAuthentication'>. There was no OpenApiAuthenticationExtension registered for that class. Try creating one by subclassing it. Ignoring for now.
/home/snofy/project_matier/PM-A-backend/tickets/views.py: Error [GlobalTicketListView]: unable to guess serializer. This is graceful fallback handling for APIViews. Consider using GenericAPIView as view base class, if view is under your control. Either way you may want to add a serializer_class (or method). Ignoring view for now.
/home/snofy/project_matier/PM-A-backend/tickets/views.py: Warning [GlobalTicketListView]: could not resolve authenticator <class 'accounts.authentication.JWTAuthentication'>. There was no OpenApiAuthenticationExtension registered for that class. Try creating one by subclassing it. Ignoring for now.
/home/snofy/project_matier/PM-A-backend/project/views.py: Error [UserListView]: unable to guess serializer. This is graceful fallback handling for APIViews. Consider using GenericAPIView as view base class, if view is under your control. Either way you may want to add a serializer_class (or method). Ignoring view for now.
/home/snofy/project_matier/PM-A-backend/project/views.py: Warning [UserListView]: could not resolve authenticator <class 'accounts.authentication.JWTAuthentication'>. There was no OpenApiAuthenticationExtension registered for that class. Try creating one by subclassing it. Ignoring for now.
/home/snofy/project_matier/PM-A-backend/project/views.py: Error [UserDetailView]: unable to guess serializer. This is graceful fallback handling for APIViews. Consider using GenericAPIView as view base class, if view is under your control. Either way you may want to add a serializer_class (or method). Ignoring view for now.
/home/snofy/project_matier/PM-A-backend/project/views.py: Warning [UserDetailView]: could not resolve authenticator <class 'accounts.authentication.JWTAuthentication'>. There was no OpenApiAuthenticationExtension registered for that class. Try creating one by subclassing it. Ignoring for now.
/home/snofy/project_matier/PM-A-backend/project/views.py: Error [CurrentUserProfileView]: unable to guess serializer. This is graceful fallback handling for APIViews. Consider using GenericAPIView as view base class, if view is under your control. Either way you may want to add a serializer_class (or method). Ignoring view for now.
/home/snofy/project_matier/PM-A-backend/project/views.py: Warning [CurrentUserProfileView]: could not resolve authenticator <class 'accounts.authentication.JWTAuthentication'>. There was no OpenApiAuthenticationExtension registered for that class. Try creating one by subclassing it. Ignoring for now.
/home/snofy/project_matier/PM-A-backend/collaboration/views.py: Error [WorkspaceChannelListCreateView]: unable to guess serializer. This is graceful fallback handling for APIViews. Consider using GenericAPIView as view base class, if view is under your control. Either way you may want to add a serializer_class (or method). Ignoring view for now.
/home/snofy/project_matier/PM-A-backend/collaboration/views.py: Warning [WorkspaceChannelListCreateView]: could not resolve authenticator <class 'accounts.authentication.JWTAuthentication'>. There was no OpenApiAuthenticationExtension registered for that class. Try creating one by subclassing it. Ignoring for now.
Warning: operationId "projects_retrieve" has collisions [('/api/projects/', 'get'), ('/api/projects/{project_id}/', 'get')]. resolving with numeral suffixes.
Warning: operationId "projects_documents_retrieve" has collisions [('/api/projects/{project_id}/documents/', 'get'), ('/api/projects/{project_id}/documents/{document_id}/', 'get')]. resolving with numeral suffixes.
Warning: operationId "projects_files_retrieve" has collisions [('/api/projects/{project_id}/files/', 'get'), ('/api/projects/{project_id}/files/{file_id}/', 'get')]. resolving with numeral suffixes.
Warning: operationId "projects_releases_retrieve" has collisions [('/api/projects/{project_id}/releases/', 'get'), ('/api/projects/{project_id}/releases/{release_id}/', 'get')]. resolving with numeral suffixes.
Warning: operationId "projects_sprints_retrieve" has collisions [('/api/projects/{project_id}/sprints/', 'get'), ('/api/projects/{project_id}/sprints/{sprint_id}/', 'get')]. resolving with numeral suffixes.
Warning: operationId "projects_tickets_retrieve" has collisions [('/api/projects/{project_id}/tickets/', 'get'), ('/api/projects/{project_id}/tickets/{ticket_id}/', 'get')]. resolving with numeral suffixes.
Warning: operationId "users_retrieve" has collisions [('/api/users/', 'get'), ('/api/users/{user_id}/', 'get')]. resolving with numeral suffixes.
[04/May/2026 14:53:16] "GET /api/schema/ HTTP/1.1" 200 170630
Unauthorized: /api/tickets/
[04/May/2026 14:55:43] "GET /api/tickets/ HTTP/1.1" 401 58
/home/snofy/project_matier/PM-A-backend/config/settings.py changed, reloading.
Performing system checks...

System check identified no issues (0 silenced).
May 04, 2026 - 14:50:02
Django version 6.0.4, using settings 'config.settings'
Starting development server at http://0.0.0.0:8000/
Quit the server with CONTROL-C.

WARNING: This is a development server. Do not use it in a production setting. Use a production WSGI or ASGI server instead.
For more information on production servers see: https://docs.djangoproject.com/en/6.0/howto/deployment/
Watching for file changes with StatReloader
/home/snofy/project_matier/PM-A-backend/tickets/views.py changed, reloading.
Performing system checks...

System check identified no issues (0 silenced).
May 04, 2026 - 14:56:03
Django version 6.0.4, using settings 'config.settings'
Starting development server at http://0.0.0.0:8000/
Quit the server with CONTROL-C.

WARNING: This is a development server. Do not use it in a production setting. Use a production WSGI or ASGI server instead.
For more information on production servers see: https://docs.djangoproject.com/en/6.0/howto/deployment/
Watching for file changes with StatReloader
Exception in thread django-main-thread:
Traceback (most recent call last):
  File "/usr/lib/python3.12/threading.py", line 1073, in _bootstrap_inner
    self.run()
  File "/usr/lib/python3.12/threading.py", line 1010, in run
    self._target(*self._args, **self._kwargs)
  File "/home/snofy/project_matier/PM-A-backend/.venv/lib/python3.12/site-packages/django/utils/autoreload.py", line 64, in wrapper
    fn(*args, **kwargs)
  File "/home/snofy/project_matier/PM-A-backend/.venv/lib/python3.12/site-packages/django/core/management/commands/runserver.py", line 134, in inner_run
    self.check(**check_kwargs)
  File "/home/snofy/project_matier/PM-A-backend/.venv/lib/python3.12/site-packages/django/core/management/base.py", line 496, in check
    all_issues = checks.run_checks(
                 ^^^^^^^^^^^^^^^^^^
  File "/home/snofy/project_matier/PM-A-backend/.venv/lib/python3.12/site-packages/django/core/checks/registry.py", line 89, in run_checks
    new_errors = check(app_configs=app_configs, databases=databases)
                 ^^^^^^^^^^^^^^^^^^^^^^^^^^^^^^^^^^^^^^^^^^^^^^^^^^^
  File "/home/snofy/project_matier/PM-A-backend/.venv/lib/python3.12/site-packages/django/core/checks/urls.py", line 44, in check_url_namespaces_unique
    all_namespaces = _load_all_namespaces(resolver)
                     ^^^^^^^^^^^^^^^^^^^^^^^^^^^^^^
  File "/home/snofy/project_matier/PM-A-backend/.venv/lib/python3.12/site-packages/django/core/checks/urls.py", line 63, in _load_all_namespaces
    url_patterns = getattr(resolver, "url_patterns", [])
                   ^^^^^^^^^^^^^^^^^^^^^^^^^^^^^^^^^^^^^
  File "/home/snofy/project_matier/PM-A-backend/.venv/lib/python3.12/site-packages/django/utils/functional.py", line 47, in __get__
    res = instance.__dict__[self.name] = self.func(instance)
                                         ^^^^^^^^^^^^^^^^^^^
  File "/home/snofy/project_matier/PM-A-backend/.venv/lib/python3.12/site-packages/django/urls/resolvers.py", line 729, in url_patterns
    patterns = getattr(self.urlconf_module, "urlpatterns", self.urlconf_module)
                       ^^^^^^^^^^^^^^^^^^^
  File "/home/snofy/project_matier/PM-A-backend/.venv/lib/python3.12/site-packages/django/utils/functional.py", line 47, in __get__
    res = instance.__dict__[self.name] = self.func(instance)
                                         ^^^^^^^^^^^^^^^^^^^
  File "/home/snofy/project_matier/PM-A-backend/.venv/lib/python3.12/site-packages/django/urls/resolvers.py", line 722, in urlconf_module
    return import_module(self.urlconf_name)
           ^^^^^^^^^^^^^^^^^^^^^^^^^^^^^^^^
  File "/usr/lib/python3.12/importlib/__init__.py", line 90, in import_module
    return _bootstrap._gcd_import(name[level:], package, level)
           ^^^^^^^^^^^^^^^^^^^^^^^^^^^^^^^^^^^^^^^^^^^^^^^^^^^^
  File "<frozen importlib._bootstrap>", line 1387, in _gcd_import
  File "<frozen importlib._bootstrap>", line 1360, in _find_and_load
  File "<frozen importlib._bootstrap>", line 1331, in _find_and_load_unlocked
  File "<frozen importlib._bootstrap>", line 935, in _load_unlocked
  File "<frozen importlib._bootstrap_external>", line 995, in exec_module
  File "<frozen importlib._bootstrap>", line 488, in _call_with_frames_removed
  File "/home/snofy/project_matier/PM-A-backend/config/urls.py", line 40, in <module>
    path('api/', include('tickets.urls')),
                 ^^^^^^^^^^^^^^^^^^^^^^^
  File "/home/snofy/project_matier/PM-A-backend/.venv/lib/python3.12/site-packages/django/urls/conf.py", line 39, in include
    urlconf_module = import_module(urlconf_module)
                     ^^^^^^^^^^^^^^^^^^^^^^^^^^^^^
  File "/usr/lib/python3.12/importlib/__init__.py", line 90, in import_module
    return _bootstrap._gcd_import(name[level:], package, level)
           ^^^^^^^^^^^^^^^^^^^^^^^^^^^^^^^^^^^^^^^^^^^^^^^^^^^^
  File "<frozen importlib._bootstrap>", line 1387, in _gcd_import
  File "<frozen importlib._bootstrap>", line 1360, in _find_and_load
  File "<frozen importlib._bootstrap>", line 1331, in _find_and_load_unlocked
  File "<frozen importlib._bootstrap>", line 935, in _load_unlocked
  File "<frozen importlib._bootstrap_external>", line 995, in exec_module
  File "<frozen importlib._bootstrap>", line 488, in _call_with_frames_removed
  File "/home/snofy/project_matier/PM-A-backend/tickets/urls.py", line 3, in <module>
    from .views import (
  File "/home/snofy/project_matier/PM-A-backend/tickets/views.py", line 128
    return Response({"error": "status is required"}, status=status.HTTP_400_BAD_REQUEST)
    ^^^^^^^^^^^^^^^^^^^^^^^^^^^^^^^^^^^^^^^^^^^^^^^^^^^^^^^^^^^^^^^^^^^^^^^^^^^^^^^^^^^^
SyntaxError: 'return' outside function
/home/snofy/project_matier/PM-A-backend/tickets/views.py changed, reloading.
Performing system checks...

Watching for file changes with StatReloader
/home/snofy/project_matier/PM-A-backend/project/views.py changed, reloading.
Performing system checks...

System check identified no issues (0 silenced).
May 04, 2026 - 14:57:10
Django version 6.0.4, using settings 'config.settings'
Starting development server at http://0.0.0.0:8000/
Quit the server with CONTROL-C.

WARNING: This is a development server. Do not use it in a production setting. Use a production WSGI or ASGI server instead.
For more information on production servers see: https://docs.djangoproject.com/en/6.0/howto/deployment/
Watching for file changes with StatReloader
/home/snofy/project_matier/PM-A-backend/collaboration/views.py changed, reloading.
Performing system checks...

System check identified no issues (0 silenced).
May 04, 2026 - 14:57:27
Django version 6.0.4, using settings 'config.settings'
Starting development server at http://0.0.0.0:8000/
Quit the server with CONTROL-C.

WARNING: This is a development server. Do not use it in a production setting. Use a production WSGI or ASGI server instead.
For more information on production servers see: https://docs.djangoproject.com/en/6.0/howto/deployment/
Watching for file changes with StatReloader
/home/snofy/project_matier/PM-A-backend/config/urls.py changed, reloading.
Performing system checks...

System check identified no issues (0 silenced).
May 04, 2026 - 14:57:40
Django version 6.0.4, using settings 'config.settings'
Starting development server at http://0.0.0.0:8000/
Quit the server with CONTROL-C.

WARNING: This is a development server. Do not use it in a production setting. Use a production WSGI or ASGI server instead.
For more information on production servers see: https://docs.djangoproject.com/en/6.0/howto/deployment/
Watching for file changes with StatReloader
Exception in thread django-main-thread:
Traceback (most recent call last):
  File "/usr/lib/python3.12/threading.py", line 1073, in _bootstrap_inner
    self.run()
  File "/usr/lib/python3.12/threading.py", line 1010, in run
    self._target(*self._args, **self._kwargs)
  File "/home/snofy/project_matier/PM-A-backend/.venv/lib/python3.12/site-packages/django/utils/autoreload.py", line 64, in wrapper
    fn(*args, **kwargs)
  File "/home/snofy/project_matier/PM-A-backend/.venv/lib/python3.12/site-packages/django/core/management/commands/runserver.py", line 134, in inner_run
    self.check(**check_kwargs)
  File "/home/snofy/project_matier/PM-A-backend/.venv/lib/python3.12/site-packages/django/core/management/base.py", line 496, in check
    all_issues = checks.run_checks(
                 ^^^^^^^^^^^^^^^^^^
  File "/home/snofy/project_matier/PM-A-backend/.venv/lib/python3.12/site-packages/django/core/checks/registry.py", line 89, in run_checks
    new_errors = check(app_configs=app_configs, databases=databases)
                 ^^^^^^^^^^^^^^^^^^^^^^^^^^^^^^^^^^^^^^^^^^^^^^^^^^^
  File "/home/snofy/project_matier/PM-A-backend/.venv/lib/python3.12/site-packages/django/core/checks/urls.py", line 44, in check_url_namespaces_unique
    all_namespaces = _load_all_namespaces(resolver)
                     ^^^^^^^^^^^^^^^^^^^^^^^^^^^^^^
  File "/home/snofy/project_matier/PM-A-backend/.venv/lib/python3.12/site-packages/django/core/checks/urls.py", line 63, in _load_all_namespaces
    url_patterns = getattr(resolver, "url_patterns", [])
                   ^^^^^^^^^^^^^^^^^^^^^^^^^^^^^^^^^^^^^
  File "/home/snofy/project_matier/PM-A-backend/.venv/lib/python3.12/site-packages/django/utils/functional.py", line 47, in __get__
    res = instance.__dict__[self.name] = self.func(instance)
                                         ^^^^^^^^^^^^^^^^^^^
  File "/home/snofy/project_matier/PM-A-backend/.venv/lib/python3.12/site-packages/django/urls/resolvers.py", line 729, in url_patterns
    patterns = getattr(self.urlconf_module, "urlpatterns", self.urlconf_module)
                       ^^^^^^^^^^^^^^^^^^^
  File "/home/snofy/project_matier/PM-A-backend/.venv/lib/python3.12/site-packages/django/utils/functional.py", line 47, in __get__
    res = instance.__dict__[self.name] = self.func(instance)
                                         ^^^^^^^^^^^^^^^^^^^
  File "/home/snofy/project_matier/PM-A-backend/.venv/lib/python3.12/site-packages/django/urls/resolvers.py", line 722, in urlconf_module
    return import_module(self.urlconf_name)
           ^^^^^^^^^^^^^^^^^^^^^^^^^^^^^^^^
  File "/usr/lib/python3.12/importlib/__init__.py", line 90, in import_module
    return _bootstrap._gcd_import(name[level:], package, level)
           ^^^^^^^^^^^^^^^^^^^^^^^^^^^^^^^^^^^^^^^^^^^^^^^^^^^^
  File "<frozen importlib._bootstrap>", line 1387, in _gcd_import
  File "<frozen importlib._bootstrap>", line 1360, in _find_and_load
  File "<frozen importlib._bootstrap>", line 1331, in _find_and_load_unlocked
  File "<frozen importlib._bootstrap>", line 935, in _load_unlocked
  File "<frozen importlib._bootstrap_external>", line 995, in exec_module
  File "<frozen importlib._bootstrap>", line 488, in _call_with_frames_removed
  File "/home/snofy/project_matier/PM-A-backend/config/urls.py", line 43, in <module>
    path("api/search/", include("search.urls")),
                        ^^^^^^^^^^^^^^^^^^^^^^
  File "/home/snofy/project_matier/PM-A-backend/.venv/lib/python3.12/site-packages/django/urls/conf.py", line 39, in include
    urlconf_module = import_module(urlconf_module)
                     ^^^^^^^^^^^^^^^^^^^^^^^^^^^^^
  File "/usr/lib/python3.12/importlib/__init__.py", line 90, in import_module
    return _bootstrap._gcd_import(name[level:], package, level)
           ^^^^^^^^^^^^^^^^^^^^^^^^^^^^^^^^^^^^^^^^^^^^^^^^^^^^
  File "<frozen importlib._bootstrap>", line 1387, in _gcd_import
  File "<frozen importlib._bootstrap>", line 1360, in _find_and_load
  File "<frozen importlib._bootstrap>", line 1324, in _find_and_load_unlocked
ModuleNotFoundError: No module named 'search.urls'
/home/snofy/project_matier/PM-A-backend/tickets/models.py changed, reloading.
Performing system checks...

Watching for file changes with StatReloader
Error: That port is already in use.
